mean absolute percentage error,root mean squared error,R^2,mini child node size,tree depth
1.0618109346408326,5019.441134815169,0.634392399,5,5
1.1021102923428778,5093.935428056227,0.6276031133707913,5,5
1.0816011964269212,5055.111680985829,0.6327528701118499,5,5
1.0900335494898858,5098.041811725222,0.6305133956568505,5,5
1.0797758505974713,5102.642144907373,0.6232732506530538,5,5
1.0674456632915637,5024.604172010561,0.6355752702515494,6,5
1.09171472,4984.4522,0.6350437279679015,6,5
1.0742404652118398,5127.845769759466,0.6236794111302686,6,5
1.105416147184788,5199.545663475798,0.619528535,6,5
1.0960439399222075,5102.463764981593,0.6245459049128006,6,5
1.086688089900917,5120.872043845243,0.622677864,7,5
1.085716283063944,5061.700342763818,0.6309840473451165,7,5
1.0619481106818418,4935.844838165781,0.6461783349206005,7,5
1.0935611087263672,5172.113595412373,0.618880539,7,5
1.098215411364209,5135.681037260765,0.6213524304294377,7,5
1.0680003645438498,5032.9619007848805,0.6340167391495388,8,5
1.0759587579950025,5062.798016555182,0.6324467120127351,8,5
1.093150645780439,5075.675755799096,0.6308638561331158,8,5
1.0657079544948587,5082.602685674676,0.6318388565458533,8,5
1.0571344511549197,4969.814586,0.640598953,8,5
1.0801079898862367,5032.509566375813,0.6368545767223084,9,5
1.0516732493931111,4988.373347604976,0.6378628638722394,9,5
1.0856958603844769,5089.8735141878005,0.6313125298098857,9,5
1.0960453873376714,5165.067325945729,0.6219323131091888,9,5
1.061833303548481,4983.180076,0.6366570258155192,9,5
1.0731992688371643,5019.781837815766,0.6367906450217593,10,5
1.0842306551076637,5042.098358642566,0.633535023,10,5
1.0733287902160948,5048.227392354013,0.6335373129853742,10,5
1.066167628428761,5042.028658900414,0.6365955232502799,10,5
1.0661347182804686,5030.084074725797,0.6353258744258266,10,5
1.0668468327371299,5015.6503835062795,0.6383008923266184,11,5
1.0341245332596838,4972.647630155446,0.6464190177070641,11,5
1.0584170736665692,5015.984377210698,0.639971235,11,5
1.086543047450603,5076.362473042037,0.6293757277207429,11,5
1.071806024719198,5030.411613215341,0.6318273642934167,11,5
1.042893428610228,4958.802294874597,0.6483701258570235,12,5
1.0443323700131852,4952.272574029965,0.6445453837926174,12,5
1.0515461748357628,4919.83196,0.6513031707114139,12,5
1.0253570195587285,4975.47684,0.6507237474479857,12,5
1.039720080611936,4895.689609481822,0.6496418298828704,12,5
1.053434852784216,4968.807649140956,0.6471876674458752,13,5
1.0534902092617862,4971.9762511891395,0.6451139649070674,13,5
1.0739151285423352,5037.191341428211,0.6354032933818085,13,5
1.0391365601985443,4911.084891805311,0.6541126721366282,13,5
1.06597126,4995.298979244586,0.6366193285055917,13,5
1.0725657225141165,5043.764249627496,0.6354713360421599,14,5
1.0376259017700742,4986.773885,0.6470534713952907,14,5
1.0131433607354274,4890.239371201086,0.6547966791142528,14,5
1.0182963095650466,4814.447483657256,0.6633146473202243,14,5
1.0279966950535262,4920.819444,0.6504027006286256,14,5
1.0550628172631005,5002.607050776537,0.6446709959688328,15,5
1.0261006683558676,4901.9835312281075,0.6528140464735707,15,5
1.0483879732633639,4965.566343080935,0.6447012538321215,15,5
1.069771203140761,5026.245291587773,0.6380033336806077,15,5
1.0500942741105344,4949.964283931927,0.6438669450805032,15,5
1.028308106337582,4900.390075433388,0.6561726709020711,16,5
1.0320276846076029,4905.751025703799,0.6554028701426997,16,5
1.016701082425072,4895.539574832628,0.6526118754143304,16,5
1.0278432097568786,4961.392007,0.6489848407648553,16,5
1.0263696501362936,4858.182448060639,0.6571012772822986,16,5
1.018301866424838,4878.504616001551,0.6573562447694162,17,5
1.0214198405326287,4908.265887296855,0.6543904988871019,17,5
1.0380986976404998,4860.955578312337,0.657164512,17,5
1.0276467317968319,4968.047927520589,0.6501762394525892,17,5
1.0288298589760763,4905.705602715582,0.651148773,17,5
1.0050846459132046,4831.753500198413,0.6649420851810768,18,5
1.0100628153719133,4874.868451517842,0.6604839052575415,18,5
1.034299723870878,4980.936573612221,0.6445088518308174,18,5
1.0153757644408672,4893.263071607365,0.656588332,18,5
1.0130784898061302,4798.246193,0.6636139465925422,18,5
1.006984907029015,4813.485576114793,0.6614938124100308,19,5
1.0235518103863153,4905.293065578224,0.6570239714534976,19,5
1.0249564313113453,4897.894109665441,0.6548570842923092,19,5
1.0470466283412687,5017.700146781891,0.6440752854500094,19,5
0.9965682073123083,4800.278382156778,0.6649951453346556,19,5
1.001609469,4812.028878,0.6668449189628889,20,5
1.0273345855896188,4921.892568555567,0.6530128040404392,20,5
0.9992595065055535,4809.312882417892,0.6652742746974222,20,5
1.0205971321924765,4882.429304712551,0.6559421289449232,20,5
1.0445084957486646,4952.876128037387,0.6491837546100322,20,5
1.0125576466589299,4850.964430212241,0.6624109972898858,21,5
1.020601460165851,4860.712581234203,0.6581701150669937,21,5
1.028379554510727,4941.265537,0.6492715597271822,21,5
1.0043932753035765,4838.0891072247505,0.6642986597259377,21,5
0.9986215797918602,4878.5867054194405,0.6573714779129313,21,5
1.0104626286549663,4860.921536399004,0.6615645600510298,22,5
1.0077489665453292,4854.848351695154,0.6593219633981392,22,5
1.0238752264721154,4843.603091656734,0.6631245179674061,22,5
1.022007173544397,4937.748636,0.6507187714815865,22,5
1.012398929479514,4855.756796751728,0.6591900742104937,22,5
1.0017545428919539,4845.800927835638,0.6639310496276158,23,5
0.9869452939915822,4903.568295267447,0.6574974214636898,23,5
1.0383340632626386,4791.225085847895,0.6628874757326313,23,5
1.0207163003712012,4930.7773967795065,0.6538880420704443,23,5
1.0220544844659092,4870.857804009781,0.6572105998933897,23,5
1.0168615976684081,4825.701503251261,0.6631773539241694,24,5
1.0306913705059004,4912.926415016901,0.6555349127933281,24,5
1.0159248345497989,4859.326336460012,0.6602894795147252,24,5
1.0127883952582504,4917.527098794744,0.654889209,24,5
1.0265054082302465,4897.732879253804,0.6515501381289884,24,5
1.0157904893691359,4815.806238384799,0.6627657296226995,25,5
0.9895618484849834,4864.660531927463,0.6643452104541185,25,5
1.0253099675862518,4913.488138923997,0.6533437774863091,25,5
1.026794288718211,4930.685787375347,0.655474971,25,5
0.9960846075794108,4801.94254,0.6615960692346099,25,5
1.0222334747488246,4866.958548787456,0.6573398328472808,26,5
1.0230558318114216,4886.653545088588,0.657615608,26,5
1.0108358791550742,4892.378769081367,0.6588648975030756,26,5
1.0057208952374457,4779.413649621059,0.6666672900110724,26,5
1.0175543379667398,4927.624053,0.6534486862558817,26,5
1.0020508820187664,4792.723214892316,0.666841007,27,5
1.0120015454045785,4852.664288776461,0.6619486799741449,27,5
1.0190703860100543,4873.939727098703,0.6609929190079066,27,5
1.026393724428423,4926.669146648385,0.6531090574896166,27,5
1.001933388404351,4838.072655,0.6606769705002529,27,5
1.0237390744133863,4899.705583078429,0.6549169540252824,28,5
0.9973447971686252,4814.148447126292,0.6674637194410558,28,5
1.0529130567378928,5013.25017,0.6458195373673072,28,5
1.0226162452351861,4861.395425768696,0.6564051559093156,28,5
1.0055535558803084,4844.587278096005,0.6579951315711492,28,5
1.0177037345998403,4904.331909060745,0.6572571570251893,29,5
1.0170404925274086,4919.7754979264355,0.6539249881399324,29,5
1.0142668608651464,4823.295403685962,0.6630646709997132,29,5
1.0191741864475083,4875.334093922763,0.6574813813065224,29,5
1.029139520147702,4918.459890623653,0.6497722865066511,29,5
1.0211450603096712,4830.193536,0.6639925675570901,30,5
1.002645687174284,4776.255105941594,0.6674007331655397,30,5
1.009019792431467,4919.801121536439,0.6549711666097057,30,5
1.0135017751174284,4935.325765173902,0.6533457100355716,30,5
1.0131870078781735,4854.512404910622,0.6593947799953206,30,5
0.9372910231642286,4602.165238353837,0.6921810632136258,5,6
0.939311173,4697.479738451847,0.6879198456641741,5,6
0.9534902959166348,4704.713848122556,0.6830363374583102,5,6
0.9580315227375724,4609.586549922567,0.693924527,5,6
0.9505718087345221,4623.086754762452,0.6896231622811636,5,6
0.91887896,4581.115405010989,0.6967556754664839,6,6
0.935681326,4658.504519032994,0.6894044350104169,6,6
0.9480204455836058,4632.306720966295,0.6899538030243546,6,6
0.9781241643784914,4742.743958192933,0.6820698085832149,6,6
0.9289261376762513,4570.556056754354,0.6954428655549552,6,6
0.9493363560011039,4676.843394589618,0.6850660353591791,7,6
0.9319760438992322,4559.6805173610055,0.6985238873291661,7,6
0.9487226992772197,4693.720191622413,0.6862413733775202,7,6
0.968175204,4763.918562797941,0.6777080096290994,7,6
0.9221811412408917,4546.392821198213,0.6986019941155224,7,6
0.9474838555400648,4650.471956275471,0.6886384314165861,8,6
0.9625502919470802,4626.469125934788,0.6884939617662085,8,6
0.9311648189230322,4685.631464340511,0.6889564346392579,8,6
0.9211708138997544,4620.922202740156,0.6941106755139752,8,6
0.9527011055532798,4645.512395286885,0.6875400799351878,8,6
0.9253892718260889,4602.745605045933,0.6939054617307994,9,6
0.93750056,4665.923536361858,0.6873989301418636,9,6
0.9380711539953916,4655.387039922692,0.6899424917076542,9,6
0.9282230363991919,4570.552384175224,0.6998790506289005,9,6
0.9197623758936307,4560.282756,0.6997823504944857,9,6
0.9396569764908752,4600.322940029979,0.6958164794065989,10,6
0.9224293716826156,4579.950018265492,0.6983791923909363,10,6
0.9302630153480488,4632.814431,0.6918458434673349,10,6
0.9257006740894689,4586.530177048983,0.6997500427351401,10,6
0.9396785258070403,4582.233311743588,0.6948137124517688,10,6
0.9302396982875584,4587.956783753954,0.6958808468467019,11,6
0.9291850651835013,4636.642591256533,0.6904850718899411,11,6
0.9288801865993318,4553.330102049391,0.7030117941357326,11,6
0.9059442728081927,4602.7242637155005,0.699278313,11,6
0.913024759,4503.659724553713,0.7047578599749547,11,6
0.9195684510477898,4538.297983025186,0.7024209707045886,12,6
0.9160513683106198,4495.088252,0.7050956002234963,12,6
0.9381918453880327,4651.679489541096,0.6919481724850907,12,6
0.9276364756846189,4630.8188349113525,0.6952376449048343,12,6
0.924385657,4583.850857658347,0.6967765887816422,12,6
0.9197490116958699,4585.988269887608,0.6959025129045666,13,6
0.9147471643592959,4534.664103192123,0.7057103497878384,13,6
0.9229845134056232,4631.057333905432,0.6924666837309934,13,6
0.9102439913554986,4558.890043012311,0.7011780251736958,13,6
0.9088120507872062,4531.393286455722,0.7037311129611354,13,6
0.9091502479553348,4521.438371895711,0.7059306510980401,14,6
0.9115329354315851,4541.869947,0.703827697,14,6
0.9179519688243002,4602.894061937779,0.700027645,14,6
0.9124168206257831,4590.269662492204,0.6971453708296744,14,6
0.909720317,4480.0326060525285,0.7059591517074164,14,6
0.9181028044571765,4575.747611602713,0.6989949820563658,15,6
0.9165694445158422,4576.884863213118,0.6996351956262878,15,6
0.8949897092766769,4499.3930385532985,0.708360764,15,6
0.919149269,4553.917333669826,0.7022422247676752,15,6
0.9096489087738129,4549.696382499005,0.7011538343309576,15,6
0.8979559865672601,4497.533684854635,0.7089643525184894,16,6
0.8934619566954465,4474.295727025629,0.7106434107113273,16,6
0.8980683539197049,4557.773158511029,0.7035077,16,6
0.9154262603257991,4568.461819092706,0.7025809056581903,16,6
0.8993400611914596,4510.450379962049,0.7038864477791074,16,6
0.8884864314963995,4467.322542476941,0.7124698678345844,17,6
0.8940987999335587,4545.518470673023,0.7039830761189491,17,6
0.9083065584266984,4550.326007551749,0.7051399018785454,17,6
0.8824873897028044,4407.022279986174,0.7198024409273364,17,6
0.8977599321874816,4502.269466250944,0.705739313,17,6
0.8946574901158756,4537.950153377326,0.7099634970530011,18,6
0.8721633690378086,4389.420360415351,0.722856144,18,6
0.9101011742886426,4513.838149313802,0.703006278,18,6
0.890322478,4513.148999706126,0.7078195727551185,18,6
0.8957720845929548,4466.648002253438,0.7099844441026397,18,6
0.8697802153140135,4423.393049418424,0.7169238031405394,19,6
0.9001624897835085,4477.818669794367,0.7117793284655256,19,6
0.892033058,4441.122620214519,0.7151507787889801,19,6
0.8936668764811327,4582.4472314375325,0.7027011112638055,19,6
0.9079154332212228,4535.095486746799,0.702216016,19,6
0.888355968,4473.562387,0.7143985222228282,20,6
0.8962553392063278,4444.156987870111,0.7157361567934994,20,6
0.895096116,4529.617703132976,0.7037228219869506,20,6
0.8953641222002662,4571.321872650712,0.7025749079074886,20,6
0.8934106666031261,4446.203485859211,0.711678405,20,6
0.884275029,4490.883493892062,0.7103044517776301,21,6
0.8874595950710008,4462.598464,0.7162077214569915,21,6
0.8846171419588994,4508.586242,0.7099449514589476,21,6
0.8919176231266092,4451.278300791558,0.71405249,21,6
0.8907251879532372,4492.501282244047,0.7052115708848692,21,6
0.8935128351827809,4522.760519992654,0.7079754295327891,22,6
0.8856548540870529,4470.405456,0.7135065692447771,22,6
0.8933302293201437,4504.986713247642,0.7087411828424995,22,6
0.9102670987274764,4499.47058,0.7102046304704295,22,6
0.89920845,4498.622758652016,0.7036331868156889,22,6
0.893158995,4483.750019802774,0.708265124,23,6
0.8864610387082003,4481.107507891277,0.7113970398336988,23,6
0.8863339293667544,4513.0214754443095,0.7089811587178216,23,6
0.8868319777840878,4475.808557928817,0.7124077677856373,23,6
0.8851424705438096,4456.144061094131,0.7142676493512103,23,6
0.8714738009856949,4459.551079530747,0.715871865,24,6
0.8755723959249346,4447.698928855287,0.7139312063456513,24,6
0.8933178809516792,4446.468810000137,0.7140082906862565,24,6
0.8761371055138806,4509.622627013842,0.7105544085562747,24,6
0.8962974406429634,4521.845876,0.704057323,24,6
0.87883199,4459.091068693156,0.7121114665309094,25,6
0.878374679,4485.653784954728,0.7118978587596145,25,6
0.8893301831592189,4407.541405,0.7186811939482127,25,6
0.8858480121516144,4525.302227582491,0.7088451978116759,25,6
0.8736413632224715,4450.082026246211,0.714374306,25,6
0.8914000326909242,4335.147305,0.7236970401597069,26,6
0.8760449799334425,4478.9558664358365,0.7128325331307264,26,6
0.8975571537647969,4545.200474358126,0.7047084126098411,26,6
0.8916111395069032,4510.047989072339,0.7094358297284882,26,6
0.8860226355834497,4510.472697,0.7084929365789754,26,6
0.8778123824059134,4410.852927341526,0.718350687,27,6
0.890730706,4517.972092879588,0.7088973422261681,27,6
0.8972688169627415,4482.4778275602785,0.7110228897762525,27,6
0.8797634538476826,4486.671020991013,0.7114842970353763,27,6
0.8916705379698086,4495.703018141577,0.7076348883195949,27,6
0.8885317508313428,4465.098503690004,0.7105751163887948,28,6
0.8721864884421149,4432.916363552535,0.7150097183659586,28,6
0.8789998451322467,4489.454845905039,0.7110497009816996,28,6
0.8805877415449981,4421.502098475227,0.7186747139047555,28,6
0.8832320587913652,4534.333995894532,0.7085641280219096,28,6
0.8948071811585366,4566.718637228322,0.7022831881556788,29,6
0.8937709045285577,4533.843642293606,0.7064757145590597,29,6
0.8750293819993022,4406.584566663079,0.7192551546551954,29,6
0.8883870618373637,4486.827590132445,0.7118380283136451,29,6
0.8786898667116029,4459.1377918626995,0.709806355,29,6
0.8834861172383418,4495.0740092014075,0.7113293833388463,30,6
0.8775594941280433,4429.484518289782,0.7157579732808597,30,6
0.8907540678251299,4454.309123300834,0.7148012826041765,30,6
0.8764686949016451,4503.083200506057,0.7097074715923422,30,6
0.8787255867846859,4468.665924497498,0.7113703049694341,30,6
0.8421620965592554,4308.011269,0.7312438002103879,5,7
0.8384538125802881,4337.65657,0.7319508265446042,5,7
0.827679951,4208.557045,0.7443378368882284,5,7
0.8292784990043676,4254.486764856761,0.7379614051774771,5,7
0.8339321809541044,4324.551172562494,0.7329352684226532,5,7
0.8389394272167742,4315.055026215089,0.7308675464450665,6,7
0.836635905,4342.105930455316,0.7324294639650082,6,7
0.8399738713637505,4311.152670452739,0.7351228828758951,6,7
0.8236251385858948,4256.466004758553,0.7381417007309086,6,7
0.8349370135085272,4230.561833081823,0.739194673,6,7
0.8480613275369584,4352.194770180348,0.730734769,7,7
0.8428662698798857,4243.716969890275,0.7348734074791523,7,7
0.8351413586480362,4307.1136078764075,0.7343183736457654,7,7
0.8272302987392294,4281.383117688592,0.7374879909692464,7,7
0.8280281480164167,4311.741515531854,0.7332934786623675,7,7
0.8140017959059542,4199.667339511574,0.7451663311123948,8,7
0.8287949618931435,4300.688893633406,0.732915994,8,7
0.8122190992478837,4222.117193847065,0.7428643782276441,8,7
0.8250194618007428,4268.657772819699,0.7379157878353073,8,7
0.8290212418455741,4312.1217814298025,0.7355630342321746,8,7
0.8415874574472489,4343.707531,0.7323990388606447,9,7
0.8352025535998732,4257.299754608382,0.738827454,9,7
0.8170790209008281,4254.599982163189,0.7414532216489103,9,7
0.8255194331040262,4270.193443728946,0.7365485799502025,9,7
0.818824263,4226.605145653535,0.739199807,9,7
0.838431668,4256.162777569053,0.7364213523755343,10,7
0.821515266,4309.955626001508,0.7362342015431429,10,7
0.8044206326634796,4236.3041310158105,0.743816644,10,7
0.8290142396871489,4270.404535247803,0.7392121519568474,10,7
0.8262423170459912,4233.603274793281,0.7383344104108056,10,7
0.8119369464611863,4172.895813969531,0.7472542913549127,11,7
0.8257659704486757,4273.961090363279,0.7391246822803355,11,7
0.8085222279455903,4279.313945,0.7389992775165364,11,7
0.831619525,4318.102269969519,0.7348131080267281,11,7
0.8153237799760166,4155.355845,0.7469522192582905,11,7
0.8143890812807082,4284.883309693969,0.7373034090428973,12,7
0.7953758585154451,4164.633180505847,0.7498802040267585,12,7
0.8148660522905619,4183.706577558484,0.7486969078482868,12,7
0.8144338247965475,4236.549682249296,0.7418546041926766,12,7
0.8202838297772703,4231.715788091931,0.7412847905727302,12,7
0.7915694531463692,4193.333499920382,0.7487775072769258,13,7
0.8046539614031016,4231.650961183167,0.7441415913358784,13,7
0.8152426895529172,4210.104696856448,0.7434808737189694,13,7
0.8087269512530382,4223.544656104043,0.7440190186755352,13,7
0.8117910531527109,4218.515233,0.7415792148328273,13,7
0.8163566971694645,4201.051990141272,0.7450243902504949,14,7
0.8025641913122488,4214.649799471419,0.7472702820288075,14,7
0.8149597147287547,4174.605458,0.7468664175366541,14,7
0.8223221865033591,4357.328582141433,0.7325396576110701,14,7
0.7973209758822368,4115.500272820127,0.7519838119820824,14,7
0.7992096710883223,4192.358995659469,0.7457729600538956,15,7
0.7997405089100287,4187.550586740152,0.74767595,15,7
0.8189565186054778,4188.058022500286,0.7467033135191337,15,7
0.8127492190079991,4296.254170609578,0.741102659,15,7
0.8017261714964088,4135.597236759825,0.7501587930128275,15,7
0.7992335335392583,4225.1779563953105,0.7451137246335677,16,7
0.8107216963311688,4220.998210342534,0.7425544093349928,16,7
0.8048209167100855,4160.1800993111165,0.7523673919686369,16,7
0.7932547635360534,4178.897776594206,0.749885738,16,7
0.8034425783480381,4160.026300664841,0.7479937932747723,16,7
0.8097784771109489,4232.640382643984,0.7405340098643067,17,7
0.7976815674524168,4192.366555448789,0.7502552186274903,17,7
0.8064493113488141,4182.031826851305,0.7453705658696723,17,7
0.7915456006569184,4148.063442659706,0.7529997192733806,17,7
0.7931258702510371,4200.797838809788,0.7473906044750214,17,7
0.791234672,4223.402358,0.7457395379865246,18,7
0.8024702158151442,4247.312304977528,0.744595022,18,7
0.7843076475349601,4066.7099192955993,0.7577619442682046,18,7
0.7845888685477619,4147.228899416408,0.7517872790367719,18,7
0.7820168553121458,4139.470545910083,0.7526640149839479,18,7
0.794976049,4228.289325569679,0.7434374859285514,19,7
0.793599657,4229.188044,0.7444595569788155,19,7
0.7857275364620734,4169.935439819323,0.7518387513874273,19,7
0.7910830355469441,4126.984308942415,0.754682764,19,7
0.7999059418267608,4132.622879137161,0.7505115397142027,19,7
0.7896940270882538,4172.846649613002,0.7495633667077563,20,7
0.79356601,4082.777521715293,0.7566343144335995,20,7
0.7877516391138187,4199.703722216742,0.7476463297668325,20,7
0.7973265341373768,4231.6827779827245,0.7455909811587591,20,7
0.790208014,4167.800268462896,0.749439255,20,7
0.7993428779278243,4117.566255359902,0.7523404940617627,21,7
0.8000871488877818,4139.920823722306,0.7531177007531871,21,7
0.796023822,4230.436285096381,0.7443176437466926,21,7
0.7986852412466094,4256.948903961515,0.7424065176516759,21,7
0.789526503,4175.874963887062,0.7487505731057925,21,7
0.7998844034771251,4242.029311457721,0.742928529,22,7
0.7877875995593745,4119.412062455947,0.7539131814352031,22,7
0.8056711400069506,4237.330725297011,0.7428414185253803,22,7
0.7903636693138009,4127.207016805872,0.753160038,22,7
0.7903410650871091,4171.917695241032,0.7508096730840241,22,7
0.7865980387144336,4114.991718720938,0.7531925969384649,23,7
0.7807258967410206,4182.638380010475,0.7485116931817608,23,7
0.7873543063193364,4168.355480874492,0.7490213562440977,23,7
0.7920781531412452,4193.957283706763,0.7507518125283862,23,7
0.7891500600271104,4156.339735763391,0.7519986157983389,23,7
0.7884251693959383,4122.043295814801,0.7521587488156042,24,7
0.7970577884200565,4159.260369977485,0.7489754542147802,24,7
0.7912611856698707,4181.415485481262,0.7488931499603206,24,7
0.7986059128555059,4248.416038831907,0.7467216297081176,24,7
0.7776950617072834,4171.011534775231,0.7488073594812819,24,7
0.7865631849707259,4144.653531147015,0.7533099919262025,25,7
0.7991313883967369,4206.488391733364,0.7462747915588945,25,7
0.7813120964130666,4146.837034851482,0.7510581354906065,25,7
0.7839521556720044,4156.664420431694,0.7532264818684125,25,7
0.785846509,4171.162850194082,0.7484370934449595,25,7
0.7839478506876242,4216.382439721366,0.7446139111350274,26,7
0.7913666478890871,4124.475054272888,0.7529760657051068,26,7
0.7784042649286073,4053.5827239355203,0.7615721858196945,26,7
0.7771061884781962,4200.877098866614,0.747675178,26,7
0.7812458589639434,4229.497424881994,0.7455305616383691,26,7
0.787950924,4106.970583965485,0.7538430201303895,27,7
0.7846750545183683,4201.55769,0.748250662,27,7
0.7998002772566493,4209.348485283008,0.7457870684009992,27,7
0.7754780377688283,4196.367900343139,0.7474070142958296,27,7
0.7927214628694038,4168.908556898102,0.7501873958324012,27,7
0.7940343950204972,4145.088104417769,0.7513189750425071,28,7
0.7927159980709705,4195.291038060237,0.7472532138833887,28,7
0.7836552664910129,4182.423819374427,0.7491853445763139,28,7
0.7911443053411515,4177.7426037761425,0.7504316317357203,28,7
0.7856953769414865,4201.128530255066,0.7450309455891023,28,7
0.7849222170875967,4151.457384357348,0.7533689467114134,29,7
0.7844970658344035,4189.832901563248,0.7491080531974099,29,7
0.7936614993589882,4205.204114892188,0.7457736137269686,29,7
0.7826367479982604,4159.420693412851,0.748127689,29,7
0.7692538479244343,4154.866780667408,0.7517335373410514,29,7
0.7815237199762269,4206.456319,0.7491460998028833,30,7
0.7915705163512807,4216.137668240841,0.7444499733582249,30,7
0.7844927938123777,4172.155403585536,0.7471680049047257,30,7
0.7942539467283872,4166.691566363075,0.7512854031576499,30,7
0.7786157329039627,4100.959170788902,0.7558452145691525,30,7
0.7484784172233294,3983.505869836205,0.772181104,5,8
0.7398731281633525,3993.205845545191,0.7690435048149056,5,8
0.755267781,4045.963464418803,0.7669014376155169,5,8
0.7514297059781183,4016.187912073968,0.7699586875352181,5,8
0.7415139173062818,3934.9864909475045,0.7742549576300902,5,8
0.7511153565566248,3929.9679942417647,0.7768860211143993,6,8
0.7484963201377483,4046.292052333358,0.7670482226328281,6,8
0.7391126251680591,3971.1545996030163,0.7715505509354917,6,8
0.7352769211934267,4004.2509691325367,0.7712897280406116,6,8
0.7356155765819554,3958.4143232851766,0.7728707056596194,6,8
0.7331828278011665,3945.2892820997204,0.7768698267872985,7,8
0.7421445410566828,3977.3760869477305,0.7712579776039056,7,8
0.7561043386109574,4041.021174,0.7674621447535988,7,8
0.7437030228041014,4024.996270968951,0.7673620978514988,7,8
0.7509247807946394,3977.921153828197,0.7701659594856446,7,8
0.7526856644275854,3993.4016372328942,0.7700595159992714,8,8
0.7361452922319036,3990.5628084098635,0.7732553560301063,8,8
0.7352117522767653,3919.580676830235,0.7747110019198211,8,8
0.7345597150415425,3998.982067495324,0.7730415460873782,8,8
0.7455109302314101,4007.1118383280136,0.7685867718245722,8,8
0.7426271422485625,3940.571278,0.7752971131716192,9,8
0.7286676629945786,3996.4728991403795,0.770857275,9,8
0.7331825556164433,3971.1460885969545,0.7730005963186267,9,8
0.7305641949389201,3968.3099808054867,0.7751884931491017,9,8
0.7439369648870905,3987.6101750385924,0.7705591221398117,9,8
0.7297877941109374,3947.775696978016,0.7756695575310721,10,8
0.7486198126053479,4034.8435151636186,0.7691357569262797,10,8
0.7371149992481321,3955.9625755861107,0.7738769422197749,10,8
0.7466207596960209,3953.353438537661,0.774151596,10,8
0.7401232808098394,3979.0040366447406,0.7713041061338999,10,8
0.7329261079135878,4022.008008219871,0.7704130517938725,11,8
0.7421126669641793,3986.8285817862948,0.7722298956946578,11,8
0.7274369114931504,3909.342463454339,0.7782769403256647,11,8
0.7313001464736995,3994.2786006263914,0.7710803787034928,11,8
0.7324715229664552,3925.243102320379,0.7759399586830333,11,8
0.7305649704662834,3940.727136804793,0.7752974650496773,12,8
0.7233230751028986,3971.096728011779,0.7759631303942769,12,8
0.7355144812509661,3937.9419709564613,0.7754679226713425,12,8
0.7329149877543695,3993.198962842037,0.7731305472603758,12,8
0.7310194302628034,3917.8073033777714,0.7768266854305687,12,8
0.7389758991707573,4025.9813360834332,0.7680479888575845,13,8
0.747150191,3944.0425621019185,0.7742915175414768,13,8
0.7172690296383702,3911.9757692109556,0.782180045,13,8
0.7322003362564408,4021.773961494541,0.768557813,13,8
0.7188725149534637,3912.5866866657743,0.7771330381932766,13,8
0.7181391249475201,3872.951095350268,0.7810414869489253,14,8
0.719385022,3989.192956903896,0.7746353266260162,14,8
0.735163513,3960.356994256037,0.7741530689775413,14,8
0.7140258699625027,3929.6340097285165,0.7806361408869846,14,8
0.7176912555431857,3917.576869994206,0.7764970235996997,14,8
0.7151970716691409,3935.6806240006827,0.7774737370154272,15,8
0.709992947,3874.9117711852477,0.7814559340541525,15,8
0.727209694,3986.4800263222696,0.7748208529843594,15,8
0.7263747632802824,3949.8583623378745,0.7753740950375614,15,8
0.7240743598272964,3931.894301,0.776871191,15,8
0.7158898198174547,3894.004183004422,0.7819700489059639,16,8
0.7127525390181981,3928.1272628637503,0.7791016487617356,16,8
0.721834043,3968.549688514452,0.774624531,16,8
0.7053477002024657,3911.991033860599,0.7797231598765881,16,8
0.7087176400632262,3889.1622093236897,0.7803926860590715,16,8
0.7015347773804543,3883.2435775271497,0.7819446693277824,17,8
0.7158669024626717,3903.422737198908,0.7789841354491966,17,8
0.7042880261341019,3887.288818112542,0.7831662446813927,17,8
0.7077485151923582,3951.4659984561017,0.7787258669220448,17,8
0.721006033,3955.880123467887,0.7741253006971239,17,8
0.7137691306097481,3900.793994336196,0.7808005446263806,18,8
0.7167210746380654,3967.482223,0.7772324183533269,18,8
0.7070272455686167,3866.863886900831,0.7820401495078214,18,8
0.7091952621750904,3918.6562388685006,0.777026914,18,8
0.7173876603123006,3953.552334019678,0.776961848,18,8
0.7121743884102751,3910.113297207709,0.781372688,19,8
0.7195824680355541,3949.260530187334,0.7740034242382364,19,8
0.7126463610460483,3897.013870087402,0.7820865101897991,19,8
0.7067885747523032,3926.8471157065337,0.7780354053162293,19,8
0.716659396,3906.758264967141,0.7804656996345538,19,8
0.7127260928723349,3944.0198842083814,0.7764420046732761,20,8
0.7062735909583042,3944.1520693143043,0.7773348216961631,20,8
0.7057033502054807,3858.1313841059023,0.7859148957815723,20,8
0.7147528169436886,3992.1368486644383,0.7733345942434283,20,8
0.7019817317099714,3828.183597596106,0.7855711983210044,20,8
0.7076407155018454,3907.2459433094728,0.7815797963136212,21,8
0.714936684,3852.667301898406,0.7845270186205711,21,8
0.7085189773010808,3950.7585796239437,0.7787446069325787,21,8
0.7116871342760708,3912.085776298142,0.7808909921929044,21,8
0.7070060782789358,3900.933795416281,0.7777015345767627,21,8
0.6989644756155561,3867.1852527181863,0.7826623152538705,22,8
0.7251158031715198,3994.421297795875,0.7745345232321321,22,8
0.7145094141662868,3971.5618287521934,0.7731739042814525,22,8
0.7000975033321842,3843.081962313265,0.7864695524360346,22,8
0.7049111617155304,3901.414689995464,0.780501379,22,8
0.6994173034534458,3807.749171915903,0.7890871568233935,23,8
0.7098404727544568,3959.3088296749647,0.7748961706882171,23,8
0.7049521290466129,3913.5405032590743,0.7794700138299211,23,8
0.6993605064784048,3968.289928548563,0.7757400199984914,23,8
0.7082092488866321,3926.3772471674274,0.7784274740777911,23,8
0.7086652934517661,3843.9664997333084,0.7845834081123401,24,8
0.7134828115082142,3945.6653514073787,0.775379613,24,8
0.7115343736779393,3967.6554211801144,0.7770348345016007,24,8
0.7048611351416735,3932.170391889291,0.7789426737828158,24,8
0.7089964144200186,3887.130822621974,0.7815704573297426,24,8
0.7127747155871897,3922.2271947719382,0.7770703582159818,25,8
0.7008122830170446,3942.475361734866,0.7779265203910037,25,8
0.7002218205485203,3867.9862006910685,0.7852208388056188,25,8
0.711253617,3916.3656831736694,0.7804261624324633,25,8
0.7080584886999453,3934.478963,0.7760350277084288,25,8
0.703196986,3916.873176771912,0.7776565302204923,26,8
0.7104733290524883,3974.8471208733313,0.7730600118356777,26,8
0.70616897,3911.4269177706647,0.7800771334139124,26,8
0.7041918965156712,3903.202788570702,0.7820255457838322,26,8
0.7078378337090325,3925.5378861366053,0.7784338783707486,26,8
0.7134315659643057,3925.1924525158834,0.7790381219059452,27,8
0.7043819458402356,3961.618761099842,0.7766844049698274,27,8
0.7167190070211278,3992.025019306235,0.7739494569928485,27,8
0.7090253665141686,3845.0456099182816,0.7824252394208058,27,8
0.7127043477111407,3895.1237342173404,0.7806695291625327,27,8
0.709287115,3914.5895239205147,0.7783775934389594,28,8
0.7010509663431307,3966.7837009618424,0.7785658988760952,28,8
0.6988170941451326,3853.0533829372944,0.7850828031755388,28,8
0.7056903032817826,3945.643460086873,0.7763559660711453,28,8
0.7198032523661694,3968.144608578312,0.7709133481321127,28,8
0.7078267238531001,3997.987779289837,0.7741720473970962,29,8
0.6968852360638004,3848.7536477893123,0.7859635609517118,29,8
0.7035671920721149,3886.325493040527,0.7816627252396761,29,8
0.702891088,3963.258872228642,0.7750828946660546,29,8
0.7068462201684841,3937.9751874065373,0.7740404197904149,29,8
0.7068020447097418,3931.3790937187055,0.777139405,30,8
0.7249485414243632,3994.1230714911885,0.7727113697254386,30,8
0.707584365,3934.2582850883523,0.7782118502653936,30,8
0.7059936004526882,3956.0643202155416,0.776068651,30,8
0.7084801869498919,3853.8868135627545,0.782892234,30,8
0.6764248055387146,3816.377408406575,0.793290161,5,9
0.66417008,3599.7615289363616,0.809993888,5,9
0.6661535406764573,3737.788415777688,0.8001386608406622,5,9
0.6812591788999376,3781.2747251944693,0.7954088157876429,5,9
0.6705692652936283,3730.8903051205466,0.7987982614574638,5,9
0.6678863186447423,3727.979728643516,0.8000266653836012,6,9
0.6830083439690382,3783.154249817873,0.7945447780225149,6,9
0.6708256722715942,3725.5017943699136,0.7995054268081359,6,9
0.6750134218245938,3795.1156069837807,0.7972131598717522,6,9
0.6817046464622172,3721.860184961306,0.7969389218983156,6,9
0.6735821823835856,3759.1312347537914,0.7967891451859074,7,9
0.6639907799747683,3758.928797324021,0.7984897513082783,7,9
0.6672831602801576,3712.6695507934423,0.8022572514695352,7,9
0.670035414,3759.1175589575446,0.7985045694868207,7,9
0.6672448249656301,3661.471461,0.8032383114647248,7,9
0.680579069,3763.5534350409835,0.7959725979776737,8,9
0.6751426672924685,3791.473118430778,0.7962595082305609,8,9
0.6565084365484942,3664.8985721470867,0.8049921509748021,8,9
0.6647853849160432,3742.149217168043,0.7992346034202598,8,9
0.6693863314299447,3727.4401226432087,0.7987040867442023,8,9
0.6717226091249223,3633.6978716254253,0.8065576004897796,9,9
0.6634607915347832,3774.5931437516347,0.7985061527152473,9,9
0.6668471838542115,3758.125888945497,0.7966617489675812,9,9
0.6722528351663154,3775.4569639834167,0.7964033836045097,9,9
0.6842472944958347,3785.265337117849,0.7929175169700551,9,9
0.667077765,3693.1100473756937,0.801677358,10,9
0.6596044939927513,3739.905807919973,0.8000864320758092,10,9
0.6658313465928811,3769.013257459023,0.7967345210303263,10,9
0.6574958539062937,3684.230711894683,0.8033395987327647,10,9
0.6559561953994658,3745.8034037245684,0.799517712,10,9
0.6597894959496304,3694.3705955861437,0.8015608596423734,11,9
0.6577355358063947,3785.303983351412,0.7958444505429405,11,9
0.6733609363765487,3709.360379084008,0.8040083883003768,11,9
0.6631064864751752,3727.5034039328925,0.7991274809739297,11,9
0.6685162047047212,3757.819210322353,0.7962094837754905,11,9
0.6463271616958092,3711.590384057254,0.801429312,12,9
0.6648409986808486,3726.9547919623924,0.7993606800224803,12,9
0.6716309524708223,3703.7544759724915,0.8015095776332423,12,9
0.6612458812066594,3752.6422613416075,0.8006580480227421,12,9
0.6550503250648967,3734.3286478849627,0.7986826335977003,12,9
0.6626479769620346,3757.994691830634,0.7980892703947055,13,9
0.666596009,3725.135181769753,0.799837995,13,9
0.6609203154262304,3758.103898,0.7984939116192565,13,9
0.6587310246203426,3778.227792721852,0.7974180533930775,13,9
0.6606032355198469,3642.730385285599,0.8042899731503648,13,9
0.6540970010186339,3723.91377,0.8012623171247166,14,9
0.6636400461744658,3747.9495903843167,0.7996732126696832,14,9
0.6469081997329292,3599.582549118058,0.8112999962861228,14,9
0.655690642,3757.785345232647,0.7979449209394213,14,9
0.662811397,3764.167223241419,0.7951855003175763,14,9
0.6598399580446336,3766.838051969568,0.7971842931748171,15,9
0.6560418494209495,3738.316021707563,0.7987736349716418,15,9
0.6575737093252767,3719.3789840548943,0.8012820782472853,15,9
0.6530741907097695,3693.0328863192162,0.8036563612782901,15,9
0.6496539340576577,3670.4589606794693,0.805155046,15,9
0.6539710030914875,3800.5414372590485,0.7954028329454916,16,9
0.6525212830585181,3726.2123762622796,0.7996712110519535,16,9
0.6506663485961874,3765.1515920123084,0.7976036175738905,16,9
0.6594551529691646,3639.100069601219,0.806703651,16,9
0.6501242124275075,3691.6000415171893,0.8029770307017491,16,9
0.6552902788891657,3779.401054630632,0.7952320295993804,17,9
0.648465144,3751.105716,0.7995980649676444,17,9
0.6416841728497287,3710.030851510028,0.8010068828932244,17,9
0.6525484671579755,3722.160724406211,0.8012804549858273,17,9
0.6398567224644278,3636.3940991372942,0.8077196039252924,17,9
0.6426925254927698,3661.624561301506,0.805969681,18,9
0.6455426729784733,3744.245951673667,0.7995843410208864,18,9
0.6457958613889817,3713.2970433727805,0.8017597844610276,18,9
0.6520847895428422,3766.614092244741,0.7979089453198358,18,9
0.6500181751036559,3708.6924601205355,0.8001420202057904,18,9
0.6399445134039979,3734.189397804435,0.8000553320830632,19,9
0.6400238668202578,3698.656138250989,0.802901312,19,9
0.6596398725759206,3738.8402211126026,0.7998784617142174,19,9
0.6373542729391101,3693.224883840042,0.80437684,19,9
0.6510388154579946,3732.5159588537467,0.7978123708108303,19,9
0.6486189760638186,3731.2473528092282,0.7987286780385131,20,9
0.6467471324798483,3689.4799475090285,0.8046341235973096,20,9
0.6409227253966425,3750.625606270871,0.7988210522599118,20,9
0.6450323154162152,3731.999057,0.8012387163860399,20,9
0.6480905659664984,3689.7110506386025,0.8020763270130747,20,9
0.6513865834534524,3733.2078377223947,0.8001955209335845,21,9
0.647668564,3753.5859761194447,0.7983345650012166,21,9
0.6375688390464342,3677.650989706727,0.8053080646897336,21,9
0.6469370956131689,3731.3813035478897,0.7998473946675332,21,9
0.6493770220011106,3703.694114478619,0.8011424243212157,21,9
0.6522944439795031,3712.2966733035387,0.8002058885860032,22,9
0.6389804694159659,3699.140943474903,0.8019851122868966,22,9
0.643088245,3735.3593308561944,0.7983142682184684,22,9
0.6339289919999237,3765.7342571183017,0.8000580785079086,22,9
0.6452863260602836,3695.9466316521566,0.8032881740557573,22,9
0.6455704553086832,3759.8241241747673,0.7979654702801411,23,9
0.6453532559212173,3775.0851627877746,0.7962854487554116,23,9
0.6474217068105255,3787.706096887729,0.7956221332989918,23,9
0.6425195494860598,3619.163395416008,0.8096442264683535,23,9
0.6444536473216025,3663.8455330455686,0.8045885723194619,23,9
0.6391090789727344,3751.3548722789797,0.7975304213110878,24,9
0.6420183259160385,3752.690112943395,0.7987230022812951,24,9
0.6438953562768402,3767.674051739218,0.7977880010955476,24,9
0.639437118,3700.7147996947156,0.8014139010398604,24,9
0.6511589039673146,3694.133352884944,0.8022051095910336,24,9
0.6482878232590792,3719.8723754336147,0.8004138189581484,25,9
0.6421931026591835,3765.9795598782434,0.7974853256007581,25,9
0.6471108899039104,3735.8852934169613,0.7995352445710601,25,9
0.6458267016312862,3780.1189222064986,0.7961000398969446,25,9
0.6523697074641045,3702.775924831265,0.8000330792277774,25,9
0.6481649732104519,3748.893664,0.797038377,26,9
0.6371753665780368,3689.4670884313086,0.8045060225159303,26,9
0.6438321986745749,3766.0732128540926,0.7963262867756883,26,9
0.645092278,3740.282585167452,0.7986573050647855,26,9
0.6457532413639588,3776.4102617053804,0.7952002325190571,26,9
0.64665912,3814.7481695503748,0.7945374220408177,27,9
0.6492807012224224,3789.054964235397,0.7939177075643269,27,9
0.6372684784079744,3684.9039803936516,0.803709066,27,9
0.6478286098173182,3696.6713422583753,0.8022977645623189,27,9
0.6502649472597005,3728.7827632714907,0.7980267494958923,27,9
0.6589037124071699,3809.7592539015386,0.7946968972451804,28,9
0.6445332179232522,3667.9803807530743,0.804361379,28,9
0.6441128304398707,3778.1616404243828,0.7941486298235709,28,9
0.6462751609586462,3759.5502597256946,0.7975746082853428,28,9
0.6508257855595296,3752.1754354587247,0.7959439263974368,28,9
0.6287655809754842,3762.8167200147905,0.7985877153923685,29,9
0.6486133860968204,3705.638996849774,0.7998837409195241,29,9
0.6445046866454359,3821.8208752458154,0.7928097335738449,29,9
0.6414372110124918,3730.4386170243324,0.7994449449637347,29,9
0.6393006110500732,3740.826312775239,0.7966818998388039,29,9
0.648442033,3773.7995898413433,0.7952638799720757,30,9
0.6345565225295767,3782.9828923151767,0.7966225310109492,30,9
0.6457462528271223,3785.218192779611,0.794081522,30,9
0.6461940238375288,3697.453547086448,0.8015094498486768,30,9
0.6431919505134558,3705.6268697534915,0.801702226,30,9
0.6177552518676125,3555.0835021681487,0.8185900580231413,5,10
0.6249636828300746,3405.029051317431,0.8298227689602733,5,10
0.6121717808349378,3589.1430657731858,0.8174237874256848,5,10
0.6182196761643153,3546.2977945922016,0.8187027526144612,5,10
0.604849567,3550.6883826420076,0.8196557311212479,5,10
0.616953968,3560.021704788296,0.8195119751297144,6,10
0.6135124276152553,3530.290904728842,0.8202436184138138,6,10
0.6067675596809282,3540.1182533973956,0.8211788506770683,6,10
0.6182044318843459,3497.020823973796,0.8227836072038442,6,10
0.614670916,3548.3263367767854,0.8174942870300208,6,10
0.6160801027066878,3455.3394293529414,0.8262099917416941,7,10
0.6200808598996388,3578.296944498104,0.8165117069477668,7,10
0.6162210140730519,3616.0950269173186,0.8133780048146941,7,10
0.6093096233151507,3479.769943193148,0.8241323560978976,7,10
0.6135259357243265,3582.1857947501776,0.8172823289660842,7,10
0.6120840202970197,3578.1954146725498,0.8153775178683538,8,10
0.6120536,3532.2279221476233,0.8212770020214912,8,10
0.6181933790037334,3615.0223130035033,0.8156011489672361,8,10
0.6162920175867825,3518.8425801032063,0.8190812216031476,8,10
0.6051652027060729,3512.6297148737312,0.8215939116098363,8,10
0.6118890045638539,3566.149701290487,0.8167334003888691,9,10
0.6102749882118125,3461.4914730083688,0.8252280546548236,9,10
0.6137127966037551,3564.0219273974176,0.818257324,9,10
0.6045457574518007,3580.4513231970673,0.8183508040981221,9,10
0.6083747886673745,3564.0635162130416,0.8164721822278042,9,10
0.61110327,3601.4236088251446,0.8154674614203217,10,10
0.6003080375539137,3545.4362405940888,0.8201501424376487,10,10
0.6121581579281559,3537.258719034744,0.8192173983750766,10,10
0.59823205,3551.408782319294,0.8192141383151557,10,10
0.6058582809699027,3501.3791396283254,0.8209521447141945,10,10
0.603258407,3542.324295831002,0.8195214467392651,11,10
0.6146524322856749,3559.364213339753,0.8178653015068815,11,10
0.6114452306776728,3591.0554830568512,0.815765538,11,10
0.595759236,3505.4383429371305,0.8228737004075585,11,10
0.6137287427632652,3563.4705178997633,0.8164240663465865,11,10
0.6111682516085534,3500.376661208377,0.8226248163366665,12,10
0.6070355367321749,3584.0783501438173,0.8169084764754643,12,10
0.6049208797551183,3585.644373583349,0.8157647286598847,12,10
0.6020512499922438,3566.7865942313724,0.8172965557094223,12,10
0.6117910163998045,3557.615274297681,0.8165062254863233,12,10
0.6122102387775258,3571.802827346069,0.8157202483121122,13,10
0.601506086,3588.228081758431,0.8156989210960803,13,10
0.6023112728903084,3515.0047035810253,0.8207604232949282,13,10
0.6027733692277213,3542.918073153843,0.8212193216645758,13,10
0.5995404950806251,3554.2336385709414,0.8179575358334189,13,10
0.5978830110478456,3595.6180351859034,0.8153118369820027,14,10
0.6038802252767496,3602.169379132437,0.8147743157384566,14,10
0.5959827533798008,3483.993378976516,0.8254100755776619,14,10
0.5976857694806837,3593.1257882876953,0.8148224059329989,14,10
0.5996862049373834,3494.1759165871367,0.8213238945790772,14,10
0.6010504372267081,3528.4158546504846,0.8205403750188928,15,10
0.6061660106993241,3585.289969945057,0.8162600780032021,15,10
0.6071745357773431,3561.0581976808526,0.8177113616911373,15,10
0.5911409958855861,3555.752783559409,0.8186439602360385,15,10
0.6039874969297702,3567.8552917540965,0.8155536823039929,15,10
0.5998727336709446,3580.254564934904,0.8156243505104023,16,10
0.5974404509742672,3588.4987607177427,0.8167931664400365,16,10
0.601332633,3612.227684632183,0.812743736,16,10
0.6013868842579451,3583.4313370989257,0.8170116346041664,16,10
0.5969299521821589,3445.787369125757,0.8252982167909366,16,10
0.599638179,3537.1301153688596,0.8185111004297474,17,10
0.6005428533582416,3619.0257473299207,0.8133135071171387,17,10
0.6024516929549604,3590.864910891175,0.8143064641068567,17,10
0.600007359,3589.078205,0.8160838551110693,17,10
0.5994210232501339,3525.3300266290476,0.8200317899376899,17,10
0.5975177342432775,3554.877920235113,0.8179832611496716,18,10
0.5918055699454966,3515.083024564381,0.8207675442581827,18,10
0.5938106904041862,3623.404130334795,0.8131073606862418,18,10
0.609163828,3571.2615691838796,0.8161189036903718,18,10
0.5964447410662949,3608.7816795866866,0.8130309126902779,18,10
0.5855042901602698,3543.4079560168284,0.8192486471337147,19,10
0.5946812783078711,3586.2779945283355,0.8155412376330129,19,10
0.5957505689122975,3571.420345020652,0.8178794316057187,19,10
0.5969556216025156,3568.1703153723856,0.8173019432598372,19,10
0.5973037520171178,3565.973197578163,0.8149458700685517,19,10
0.5964962242336849,3611.011041177544,0.8128296772181172,20,10
0.5975578196507934,3601.476739383452,0.8171425461812586,20,10
0.5900417820935525,3540.9311588684855,0.8188481784466046,20,10
0.5990583138027337,3499.666574755695,0.8214703584184608,20,10
0.6049878082220035,3620.9796626156262,0.8105636659811319,20,10
0.5999411763984827,3583.830278,0.8137543556195885,21,10
0.5974629066365598,3612.3317823663406,0.8146052978790925,21,10
0.597025622,3525.7806086190076,0.8189232258999524,21,10
0.5945731225428368,3572.158972123406,0.8185932861373134,21,10
0.5943851391880918,3583.6825830337357,0.8146484192032726,21,10
0.5935275610775765,3615.432545928071,0.8141492978225823,22,10
0.5998717978578834,3625.704034205953,0.8126668413916827,22,10
0.5955978977758536,3560.5937015655077,0.8153680627674547,22,10
0.5995392123877875,3658.495827951802,0.8094363282632903,22,10
0.5975587858162738,3513.271506124654,0.8190706060438525,22,10
0.600753267,3528.858769151095,0.8168481346194603,23,10
0.600525015,3661.499389907218,0.8107154878402494,23,10
0.5961788140376668,3624.697498680063,0.8125159412127343,23,10
0.5945123520057453,3565.856978211161,0.816815279,23,10
0.5979095818306404,3572.9691362542694,0.8158367095180961,23,10
0.5935257033510565,3583.966026269508,0.8156790160542816,24,10
0.6031387192633523,3550.9404122815004,0.8170890133723772,24,10
0.5927943819520591,3617.6052549301744,0.8132769430295708,24,10
0.597677047,3642.344842617477,0.8109990935611401,24,10
0.597195836,3584.3131721225564,0.8130618203883779,24,10
0.5940296136798233,3624.0955417222945,0.8124017505494401,25,10
0.5985454832918691,3636.324462022207,0.8111318085695689,25,10
0.5921629463347304,3612.339139268103,0.8119066875170511,25,10
0.5918913593514926,3637.0759629907643,0.812146015,25,10
0.5945667128286737,3486.735473351517,0.820723041,25,10
0.5957463058136586,3666.627256315831,0.807916278,26,10
0.59148857,3632.099082002005,0.8112002608317588,26,10
0.5937703416858917,3560.5266910306423,0.8167163991955977,26,10
0.5949477555073536,3591.2899959714523,0.8159389888578988,26,10
0.5909070814534382,3563.5733983260316,0.8146773381002947,26,10
0.5909550294817967,3601.076645449013,0.8130772128016466,27,10
0.5927983073798224,3597.7898906747855,0.8136821476100826,27,10
0.6091773805282998,3604.462409241236,0.8127197035987727,27,10
0.594871342,3618.9798923544363,0.8125853679028301,27,10
0.6035242494537334,3641.7106878501495,0.809250457,27,10
0.601281896,3592.4304690115437,0.8136709976767932,28,10
0.5918283052618669,3673.0064057416303,0.8067269481899435,28,10
0.5984293579238719,3655.3046885184403,0.808656967,28,10
0.5996542029669489,3650.237405753321,0.8086975385023603,28,10
0.6016992284433679,3574.826541429307,0.8150222423291691,28,10
0.6030700380181855,3691.756734828182,0.8047850546167347,29,10
0.5934666165922234,3633.497250392315,0.8113420367948604,29,10
0.5975947669578117,3602.659914924385,0.8125228329990666,29,10
0.5918797899092471,3648.8005157031102,0.8097488623163023,29,10
0.5917048445589828,3560.211951336437,0.8152868439103168,29,10
0.6009434099200937,3670.6749718309657,0.8056751723833275,30,10
0.6038821059375187,3693.927603862118,0.8068975201399322,30,10
0.6016608451421774,3641.8080368297174,0.8112029969923618,30,10
0.5930073349048443,3560.729878,0.8152458820723003,30,10
0.5873232357839875,3577.3140113379745,0.8138673699988268,30,10
0.5707115940261883,3413.457783148393,0.8333207820595248,5,11
0.5729889059769497,3400.2568863640618,0.8324495092034611,5,11
0.5732311302874916,3332.183636823918,0.8390599546497206,5,11
0.5777596621711018,3405.282399365736,0.8368741610459453,5,11
0.5663404576992865,3293.908777808528,0.8419314997397099,5,11
0.5656292747060093,3301.973048336418,0.8410001537112837,6,11
0.5679405038785142,3375.798513,0.8359205532119531,6,11
0.5745940850848229,3418.3823541093016,0.8325853916625843,6,11
0.5692873017915541,3428.1591203570656,0.8331237859333874,6,11
0.5651098530448553,3359.766862025268,0.8372965596020614,6,11
0.5657736382375482,3392.8291328210707,0.833884437,7,11
0.5750094504721155,3433.7371730096775,0.8309901709301066,7,11
0.5669655050874619,3424.6726384396625,0.8313937782603918,7,11
0.570088626,3378.097933068478,0.8365816517044391,7,11
0.5644498114322372,3307.0679558070706,0.8419020742088268,7,11
0.5742486684895599,3376.905435199279,0.8348510923240905,8,11
0.5647791932435903,3387.5628990899622,0.835306484,8,11
0.5648867159824869,3417.5039139906908,0.8331333886823844,8,11
0.5556489992106394,3335.4340780160633,0.8394909428646687,8,11
0.5688610072223431,3465.9705042390174,0.8273972532530199,8,11
0.5766748709561494,3452.3765523779425,0.8302624185308558,9,11
0.5698320946299507,3396.3583164588713,0.83467439,9,11
0.5669808250689221,3382.1752637810982,0.8336376131419141,9,11
0.5655625828764677,3443.2907904724325,0.830419789,9,11
0.5679095719510606,3402.4430284245595,0.8321314599402005,9,11
0.566163305,3412.668434633946,0.8326731947514587,10,11
0.5762451172634132,3475.883807403376,0.8284881740938709,10,11
0.5724320379333844,3396.044700738439,0.8341685953691331,10,11
0.5660165991738314,3439.6894352373793,0.8303234627898248,10,11
0.5642235502921169,3377.3395512976836,0.8330169683425471,10,11
0.5610214170000932,3368.8751421213615,0.8353088136888386,11,11
0.5559258615915513,3422.633233277493,0.8332497885390292,11,11
0.5656473883972918,3459.958718328375,0.8293710078207617,11,11
0.5715924306908573,3456.413192191674,0.8296771511949661,11,11
0.5662639947249412,3394.1540471479993,0.8309885216391585,11,11
0.5647761540768558,3446.6499018573336,0.8289115303772976,12,11
0.556292544,3341.390347,0.8373991956083661,12,11
0.5654162905433413,3484.561137337802,0.8269165595060837,12,11
0.5560996258079334,3418.9909196432523,0.832813192,12,11
0.5613488047337479,3437.1382715252694,0.8299176785798554,12,11
0.5687584925329938,3520.250873363427,0.823763171,13,11
0.5648660321673733,3404.2472158212627,0.8325927467395478,13,11
0.562361751,3423.0215105014845,0.8309942087195172,13,11
0.5550658331735062,3448.1999866516185,0.8308025836305297,13,11
0.564714438,3395.397589337182,0.8316616258390949,13,11
0.5652580098974367,3440.9376952153502,0.830236808,14,11
0.5638684442262857,3368.4673280055995,0.8347546240941448,14,11
0.5583822220427146,3468.472886840157,0.8283179087917218,14,11
0.555589589,3485.1277829830915,0.826850045,14,11
0.5604979463328787,3443.7992413459783,0.828118576,14,11
0.5661381451167143,3424.199982093371,0.830602129,15,11
0.5626886115816454,3454.303122881434,0.8281670040573401,15,11
0.5627115846211613,3478.617339455002,0.8265006940209135,15,11
0.5568824531955902,3458.5633212986504,0.8290764199410099,15,11
0.5566116916668813,3417.126729154106,0.8313704197212761,15,11
0.5539979754837971,3484.605012971836,0.8264317685445249,16,11
0.5641542926016982,3470.3446301489116,0.825900315,16,11
0.5573677298021846,3405.5093821405385,0.8312552483876653,16,11
0.5590444395788847,3508.379133514703,0.8260290117166661,16,11
0.5558648582966725,3386.0892451286613,0.8338724907686605,16,11
0.5520853808350027,3506.0175976501423,0.8231523500717391,17,11
0.5599996611647535,3388.4014480218043,0.8332227760053071,17,11
0.5562039765686029,3476.9358001815503,0.8284683113705864,17,11
0.5616269290291189,3451.1997373534264,0.8296874354427236,17,11
0.5587518836869538,3483.6140835367005,0.8237860105246485,17,11
0.5590571207447039,3498.057088050602,0.8245796954475688,18,11
0.5547562930600606,3357.1528730084124,0.8339686276044045,18,11
0.5630558779504343,3545.3805513999964,0.821881333,18,11
0.5653145881507022,3465.212730479819,0.8287353763547609,18,11
0.5607359086007574,3475.9725307226613,0.825680506,18,11
0.5594337465553794,3521.2280486713976,0.823884883,19,11
0.5558954106137296,3512.132602508325,0.8237865084980317,19,11
0.5624939623582995,3433.069776995921,0.829150598,19,11
0.5573699383325024,3490.038360659833,0.8251188712461065,19,11
0.557990516,3386.147108304138,0.8328388919871352,19,11
0.5565337581887104,3503.155960168733,0.8240855149113167,20,11
0.5537613786489773,3468.493395252764,0.8267281566240415,20,11
0.5594216293480035,3482.0318906572193,0.82619064,20,11
0.5558370881290281,3467.170883422734,0.8276468054010517,20,11
0.5508660907917843,3434.3320680359748,0.8288936147920841,20,11
0.5598345392660249,3487.140260363025,0.8254607753952015,21,11
0.5584524460138123,3486.5224507393937,0.8254735945012018,21,11
0.5579356193251492,3459.582773147072,0.8270820702749729,21,11
0.5632584696657917,3515.096421,0.8228196162653577,21,11
0.5614769233573409,3506.596584872927,0.8227134306057711,21,11
0.5544997440683418,3483.6325782729186,0.8246005245068464,22,11
0.5592060657302406,3534.097992611281,0.8231581004680516,22,11
0.555128006,3468.4715536782282,0.8249912205690533,22,11
0.5610604787322819,3471.5389615491886,0.826124402,22,11
0.5549445430814685,3488.387001411097,0.8255596917649557,22,11
0.5571578945167308,3521.241173039128,0.8219585485887386,23,11
0.5613160966970779,3482.8437356303757,0.8245154658821484,23,11
0.5652700178731062,3426.4852062090563,0.8293963080361465,23,11
0.5564828818947317,3519.094809987523,0.823119056,23,11
0.5585627034418055,3542.8390328848795,0.8207686156124658,23,11
0.5618844811882032,3486.8522251053196,0.8251280590377964,24,11
0.5560225153805649,3523.084997919995,0.8222417643679977,24,11
0.5686284216856745,3607.7945188913327,0.8153730872532491,24,11
0.5592164677740503,3516.6890938461625,0.8211171289099901,24,11
0.5476930376684246,3410.8655086279455,0.8305154682511091,24,11
0.5604130429105696,3501.391471950979,0.8227102152237102,25,11
0.5587021887410902,3518.184069066394,0.8219413531767912,25,11
0.5608457435157636,3509.680830627754,0.8227726664544733,25,11
0.5631279339860498,3506.8104309447103,0.8244994219718428,25,11
0.5598489722019928,3536.754542419572,0.8197238990019479,25,11
0.5688888001623662,3573.074774704148,0.8172648272246563,26,11
0.5561864306363622,3452.557212226448,0.825925517,26,11
0.5601603726532933,3500.419978663688,0.823597663,26,11
0.5646416513033508,3566.958002762646,0.8208763146995356,26,11
0.5569532515260995,3503.004570479562,0.8216312750644085,26,11
0.5597304241003074,3500.2815102956342,0.8231723157970516,27,11
0.5616325574754885,3566.2922604792116,0.8171050927986345,27,11
0.5609125107416799,3588.5243996440477,0.8177316398971026,27,11
0.5524646722076502,3511.6612687197694,0.8238479050655522,27,11
0.5652674080183523,3471.028093481939,0.8231963914049368,27,11
0.5640951678801067,3496.959785899731,0.8220088940409573,28,11
0.5627540933932992,3576.4952835977806,0.8191108919401621,28,11
0.5607416609250445,3578.5627950600688,0.8168639592659308,28,11
0.5592753715602582,3527.6240038181204,0.8208837437369647,28,11
0.557135954,3485.7511014491643,0.8234154785094971,28,11
0.5543526244174426,3557.0887093893607,0.8182501831436803,29,11
0.5630627181076455,3560.6777806003543,0.8181408942647348,29,11
0.5621199052549959,3554.3178699955374,0.8199528089067967,29,11
0.5545377076990666,3513.7294663312764,0.822252945,29,11
0.5589972551222092,3471.5870970105307,0.8244961747599343,29,11
0.5587984737926321,3564.7881610532745,0.8181634271545701,30,11
0.5561237854892801,3556.3477773105196,0.8175144225004438,30,11
0.5613830861450672,3544.235774983917,0.8192474838796241,30,11
0.5586028333842902,3613.4153610264343,0.8153733722889025,30,11
0.5604920505441859,3401.0792980407964,0.8304408295315036,30,11
0.5351131504253269,3238.3883612684967,0.8492048548263179,5,12
0.5306237415783683,3230.8522596910966,0.8500575181629733,5,12
0.5310806009248605,3280.7847731823144,0.846766986,5,12
0.5357134169427573,3223.910872426008,0.8504475654962232,5,12
0.5314274632402773,3233.2221225151475,0.8478967111850326,5,12
0.5354443439690764,3262.592513096995,0.846136021,6,12
0.5429000921197066,3311.264623938144,0.8452786188816348,6,12
0.5418286252415908,3279.8258457735687,0.8452314139586462,6,12
0.5297565204837521,3252.8787029058267,0.8475979077771771,6,12
0.5331309687356867,3251.0278098628105,0.846036573,6,12
0.5348593717549628,3313.2622455067235,0.8442692306301159,7,12
0.5323840132605151,3253.949094408077,0.8458133604480117,7,12
0.5311352236232806,3314.1741817608618,0.8422391774261506,7,12
0.5379904675529318,3295.7600171927647,0.8438125708742188,7,12
0.536625916,3273.0749880070994,0.8454106087998084,7,12
0.5328804110813921,3271.1589781820376,0.8455203533740347,8,12
0.53725318,3264.553200678603,0.8457399709685922,8,12
0.5302744787901486,3341.990017497013,0.8401381742901409,8,12
0.534710805,3334.6659896757756,0.8410865463875569,8,12
0.5327273842841601,3282.4903914872425,0.8448213627964811,8,12
0.5342123083132605,3328.9615764088558,0.8400785805669936,9,12
0.5397432735838469,3320.190523894987,0.8417816866669325,9,12
0.5382720151316717,3342.204736720832,0.8395311680730801,9,12
0.5232715850753439,3333.8882333716438,0.8410953929973417,9,12
0.5345284458606158,3236.1127711078275,0.848451791,9,12
0.5329377198737287,3361.0752838936774,0.8379411856770242,10,12
0.5350958812397745,3216.437604590799,0.8488209391732356,10,12
0.5312625124039236,3336.3425402245985,0.8408338457583381,10,12
0.5342466941735704,3340.6836202609857,0.8396764473240734,10,12
0.5356370121806303,3367.9115150844796,0.8378321967884926,10,12
0.5335811703205261,3388.7825860693306,0.8363824966120126,11,12
0.5362112709820712,3309.820173485939,0.8417007389116589,11,12
0.5319508982894028,3382.3028043843833,0.8386558059493501,11,12
0.5290800055380701,3284.836490018155,0.843733059,11,12
0.5248076512048808,3304.7288005028245,0.8400585457660312,11,12
0.5332303228115639,3356.1124016998824,0.8400955544895768,12,12
0.5425955233003099,3294.5463877771185,0.8414683493873794,12,12
0.5290766442101066,3387.0067782435294,0.8367827570421091,12,12
0.5255726658858626,3336.9788050903157,0.8406884956899932,12,12
0.5345511099861973,3360.0661843652297,0.8352784658882295,12,12
0.540269759,3345.987254708637,0.8372164937933517,13,12
0.5256627651512293,3354.89216,0.8387493004067358,13,12
0.5409071444804465,3422.695689072475,0.8334785915028466,13,12
0.5328786382246383,3358.8025027789295,0.8380491809994188,13,12
0.5305860286312708,3312.232870149929,0.8410977310848557,13,12
0.536299802,3349.725558559061,0.837071196,14,12
0.5357494414885022,3409.1244306376184,0.833567504,14,12
0.535064969,3426.252741013914,0.8332740129775215,14,12
0.5313864324796914,3337.756714,0.8390981292989196,14,12
0.5274631054698485,3338.9060792752607,0.8390849830075869,14,12
0.5243664469877881,3356.722149173792,0.8370623770385268,15,12
0.5321738762180107,3392.5211993990615,0.8356757391488286,15,12
0.5311223977558053,3348.730044108643,0.8392347233812123,15,12
0.531163496,3375.721132,0.8355345830715517,15,12
0.5313568272269829,3368.0786331549093,0.8365300631369404,15,12
0.5289783712660405,3314.3526850177136,0.8406075252949181,16,12
0.531918124,3439.1531095429305,0.8314422377258539,16,12
0.531347674,3366.116544256262,0.8382094378024831,16,12
0.5250155757700875,3381.342738379553,0.8354610196287248,16,12
0.5329997967521217,3413.7317893368113,0.8311559810116059,16,12
0.533117333,3416.5148711338884,0.8323723610909244,17,12
0.5345683143643737,3451.5876413371143,0.830806302,17,12
0.519734093,3266.0431493133415,0.8450933956243789,17,12
0.5268003801999394,3394.777181993324,0.8337222213610317,17,12
0.5280971032120815,3418.5468459238377,0.8316362893303985,17,12
0.5337077214451303,3388.763777066723,0.8347379501477332,18,12
0.5371484498166702,3395.6313431217854,0.8337387865036463,18,12
0.5247951004093635,3416.715907128758,0.8324875664182596,18,12
0.5253538741130952,3445.644009309905,0.8311766468546451,18,12
0.5344741612129672,3367.324790505587,0.8351346564922226,18,12
0.5312541523245352,3419.5687424029356,0.8320746522384473,19,12
0.53181758,3407.3556015491527,0.831335646,19,12
0.5264084541540013,3450.4934322646095,0.8312382169813742,19,12
0.5311785388402236,3355.792511668286,0.8378749683808164,19,12
0.5248486807215592,3404.6994231481262,0.8323667226284835,19,12
0.5343812057204984,3434.658874529015,0.8309022434943886,20,12
0.5334884738578546,3343.657992901556,0.837408892,20,12
0.5310761290104307,3410.6762386035243,0.834099399,20,12
0.53249683,3476.1564924608842,0.8282715588702548,20,12
0.5304974652123324,3432.566431082345,0.8282906275460209,20,12
0.5347273392580405,3294.223262544436,0.8418263910823183,21,12
0.532360371,3488.672925989155,0.8263648671213507,21,12
0.5292098760604523,3442.1918801661213,0.8297396303864089,21,12
0.5308462503488875,3471.7382304630237,0.8279440261654638,21,12
0.5314696142841725,3455.1887743748484,0.8276901455203617,21,12
0.533498681,3490.2171457019413,0.8261510362655567,22,12
0.5301250738503382,3397.469577067595,0.8319845422795109,22,12
0.527088267,3401.157037655008,0.8346064799540847,22,12
0.5376152381429191,3481.2971693546183,0.8256807818578382,22,12
0.5354918997907804,3388.263741772733,0.8345621668270539,22,12
0.5279839400133982,3403.2265107299613,0.8342389995384579,23,12
0.5247231488132654,3430.958555765404,0.8306010407453347,23,12
0.5267160773737235,3386.551172019091,0.8336181554385497,23,12
0.5317855457075126,3517.632913221379,0.824132146,23,12
0.5300020878827459,3431.924619281004,0.8292531957493705,23,12
0.5385192652871862,3499.6998335118833,0.8243940687830061,24,12
0.5348404928640619,3430.6999018357333,0.8311408453296288,24,12
0.5294800237167847,3464.785933420576,0.8273081784507179,24,12
0.5347032035280654,3515.3200623721314,0.8240059753113509,24,12
0.524123364,3371.4707156430923,0.8339412409297955,24,12
0.5284582152358384,3429.8291312075085,0.8296358830808187,25,12
0.5330461140697704,3497.9415137519422,0.825850695,25,12
0.5286682813019693,3468.538624264946,0.8273289543007066,25,12
0.5317552435773703,3533.1529269612256,0.8237196825340773,25,12
0.5263595174005173,3342.0567885339146,0.835329968,25,12
0.5322188658751603,3494.5071593996972,0.8252187205299384,26,12
0.5278432578262882,3483.858729,0.8275882262136111,26,12
0.5342686422292353,3466.5685514325323,0.8264321206446641,26,12
0.5287199114390473,3438.100038979423,0.829437569,26,12
0.5325137993782522,3421.698509294583,0.8298905101574424,26,12
0.5419887664016106,3425.221479698074,0.8279098210444467,27,12
0.5314628463018977,3496.492300165808,0.8248107213480814,27,12
0.5317114899361782,3502.771114073262,0.8257938932975728,27,12
0.5391132272044351,3533.342882417781,0.8223565202914707,27,12
0.5255190479637359,3416.881340840184,0.8307009557121737,27,12
0.5355734625104301,3519.1790626296715,0.822907532,28,12
0.5313957566415394,3518.485212527275,0.8231315851765497,28,12
0.5314371754414605,3522.391149,0.8215213875963261,28,12
0.5352603771150519,3401.489492225687,0.8319473664158095,28,12
0.5358422668807253,3469.6742575307653,0.8263764268673555,28,12
0.5315680648223937,3471.662102295342,0.8259114900541449,29,12
0.5344718482115713,3521.953268720136,0.8229086518882461,29,12
0.5360829319905241,3508.9537125413144,0.8228813688293017,29,12
0.5321442764947966,3452.2366028712804,0.8289805569264719,29,12
0.5392955844267868,3485.3113440977268,0.8243339245895669,29,12
0.5371528319601472,3537.0347557467144,0.8209543609585988,30,12
0.5344228782580139,3503.359119363807,0.8229905062844997,30,12
0.5284950780458266,3470.120850848704,0.8276713505738265,30,12
0.5341994204693156,3520.622542473091,0.8237689262185656,30,12
0.5378982166525563,3448.6691212966757,0.8256237930211793,30,12
0.5005541140442386,3152.6193096252287,0.8572803318606539,5,13
0.504788498,3113.397655500434,0.857600887,5,13
0.5109047332715168,3226.0478990536867,0.8531205793170187,5,13
0.509991307,3180.2621609873845,0.8555261816627286,5,13
0.5069606487354427,3139.741257324781,0.857242651,5,13
0.5088657445727514,3236.426573,0.8508323196352776,6,13
0.505905579,3188.495697611606,0.8548444021833687,6,13
0.508726128,3160.2870406840793,0.8541539379121328,6,13
0.5053120333731482,3192.159833923719,0.8540235753406038,6,13
0.5073387826372592,3170.033695024836,0.8545451504984467,6,13
0.5063966488874865,3203.0271617113726,0.8509671331119447,7,13
0.5134701059391955,3233.8029757690138,0.8502900483881116,7,13
0.5114530236197552,3274.0872364131546,0.8480354428267425,7,13
0.508462699,3168.237834666022,0.8552926364187184,7,13
0.5130170745435234,3181.6221911479793,0.8533626441753503,7,13
0.5074610786051559,3208.3723382508138,0.8519852830767398,8,13
0.517376387,3301.3256847940347,0.8451496202361305,8,13
0.508714187,3202.934409737283,0.8522171848213095,8,13
0.5042608366067176,3216.7406180874327,0.8507335455756656,8,13
0.5123966612060942,3225.300900347889,0.84915757,8,13
0.51024798,3292.427588826731,0.8450844286585634,9,13
0.503429419,3284.3386544881096,0.8461216556493197,9,13
0.5119670322650902,3241.9778063525637,0.8488527029454621,9,13
0.511839167,3237.9136495589714,0.8497500140945248,9,13
0.5115780050545112,3189.5883580829072,0.850906887,9,13
0.4998432377685371,3182.5959622149935,0.8538300165627833,10,13
0.5120520467096127,3305.4519553997557,0.8441815248201958,10,13
0.5141683274506202,3208.5489644224167,0.8501907255848687,10,13
0.5085503989752169,3305.6892768764856,0.8435607723025709,10,13
0.5015130317497596,3285.2668347682065,0.8450192782819882,10,13
0.5087510260094514,3328.155764104681,0.8420889792731612,11,13
0.510094237,3274.3220700404427,0.8464892424966267,11,13
0.5013222251994554,3310.919495,0.8431730123827272,11,13
0.5102615497274041,3223.8226774073064,0.8502391162536832,11,13
0.5056774274373436,3240.090482562844,0.8463974790467904,11,13
0.5142900596227701,3355.053161394608,0.839040428,12,13
0.5109547745013485,3315.246672096974,0.8428027060424813,12,13
0.5032921769835877,3281.0904327763174,0.8454138214567359,12,13
0.5103406439312791,3245.8736667772573,0.8471121695862808,12,13
0.5064974575320456,3261.425263509447,0.8463477294675781,12,13
0.5059365558024195,3285.7160682076287,0.843097679,13,13
0.5166396312492203,3333.527311707345,0.8421937784303556,13,13
0.5130144041805376,3234.7622205939597,0.8481080421385165,13,13
0.5164015751366798,3344.9054085903867,0.8400043687947751,13,13
0.5040068734296769,3314.8634664185693,0.8420890460508328,13,13
0.515850987,3332.457675296622,0.8403165757394448,14,13
0.5091105585101545,3341.366537348464,0.8401170765122313,14,13
0.5047078640830084,3289.8635259594935,0.8445357002948708,14,13
0.5048549857945781,3360.3124497890412,0.838372689,14,13
0.5016733210292169,3233.851440165412,0.8479354720511185,14,13
0.5089961559120991,3291.004847575214,0.8432248762041646,15,13
0.5104824210987657,3359.8011017103904,0.8385143671362933,15,13
0.5081473686632515,3326.1086235913203,0.8423026645833571,15,13
0.5067291441557603,3362.091590574413,0.8386804519088025,15,13
0.5122998797875766,3302.375736675683,0.8406004677781849,15,13
0.5118868295976324,3298.668471450052,0.8424297169793694,16,13
0.512106536,3377.9023489241754,0.8366638746593239,16,13
0.5124630088446991,3373.625101061196,0.8371683334375385,16,13
0.5054565853672736,3386.523525,0.8372704119396676,16,13
0.5092237030662624,3281.318349792421,0.8424546578855878,16,13
0.5058769429481932,3386.090457758835,0.8360289092294926,17,13
0.5124852283200316,3328.9375011175957,0.8399896282039516,17,13
0.5079579367606962,3381.783733609099,0.8359118954266577,17,13
0.5072624662417458,3321.368473839788,0.8430948019200099,17,13
0.5023777890619279,3315.5752048294535,0.8393821134632073,17,13
0.5170681860555251,3419.272800890186,0.8338595479873364,18,13
0.5094667201538643,3363.8924572018527,0.8370454976434906,18,13
0.5141851952840788,3442.017586230282,0.8321036425043137,18,13
0.5086045749687098,3287.126296842974,0.8420207783140626,18,13
0.5143843192496195,3352.571862177575,0.8367686372035329,18,13
0.5092648127787086,3357.728534094049,0.8368703799428278,19,13
0.5087866015352992,3406.788226,0.8352409748224732,19,13
0.5076832045573281,3294.644251926284,0.842369816,19,13
0.5122328973642237,3391.3931634017013,0.8357320088155021,19,13
0.5135081263570243,3403.515666735034,0.8325828468534455,19,13
0.5148107606407193,3426.1140107164156,0.832239087,20,13
0.5064113015181255,3369.7037332474974,0.8370568730567424,20,13
0.5074515840045949,3426.405923496205,0.8318647286092832,20,13
0.5073122292869574,3358.546874805725,0.837985494,20,13
0.5093448157739552,3308.1994901962958,0.8402869595370083,20,13
0.5099160404744845,3337.962718927626,0.8372967867720135,21,13
0.5140393546418984,3426.773664485836,0.8342792976489573,21,13
0.5144285481397136,3419.8612570981204,0.830924263,21,13
0.5172994119613511,3441.8155636229503,0.8323318757407808,21,13
0.5100496168671608,3352.547607265335,0.8358195976003497,21,13
0.5164129360195591,3436.9565364456635,0.8310989397678524,22,13
0.5156942300301045,3442.6778831035763,0.8305387214831176,22,13
0.5072282640011824,3358.100803379761,0.8363541220488142,22,13
0.5212333412683842,3405.4642711057472,0.8343989576916692,22,13
0.5111835391816852,3372.0109569623437,0.8347580686693693,22,13
0.5140543828589851,3399.4263498303017,0.8323153094006898,23,13
0.509165125,3390.8076576341427,0.8348128784172775,23,13
0.5164660717023659,3368.3839353103517,0.8351877360811891,23,13
0.5083152143199152,3456.0551321444523,0.8308668933583259,23,13
0.512380165,3419.187490480016,0.8321395071663877,23,13
0.5121373840849097,3447.071971480776,0.8298696195875415,24,13
0.5165415663632302,3400.110332726127,0.8326084420377351,24,13
0.5141489797047174,3404.311409402331,0.8331055795157143,24,13
0.5090299264847437,3410.0117458247496,0.8334425135216786,24,13
0.5148725984574941,3442.2118605124338,0.8294327660764393,24,13
0.513834628,3429.366465,0.8311201213438071,25,13
0.5187018009675571,3507.402231418323,0.8253297971007305,25,13
0.5098801870360429,3395.4957644879114,0.8336132167839304,25,13
0.514257368,3369.7230211621063,0.8355027501598669,25,13
0.5129404753899327,3429.1958701107933,0.8301662292202219,25,13
0.5131190365593307,3428.9992385265864,0.8299289889501305,26,13
0.5118960696616829,3442.3781990604643,0.8306492353902074,26,13
0.5122577433530423,3466.665894604156,0.8280862903592212,26,13
0.5181478048747719,3354.538755101039,0.8369438298625393,26,13
0.5096439663075393,3469.680806142894,0.8270365219530458,26,13
0.5116574979118422,3452.4340581848937,0.8300622085667956,27,13
0.5050336157066119,3468.4728947370004,0.8299836792131747,27,13
0.5147725779304814,3365.918207105797,0.8332505209130682,27,13
0.5130280878597403,3416.459441957895,0.8323042281207773,27,13
0.5159961943355256,3468.376346138026,0.8261129358403639,27,13
0.5075858488371163,3459.295945768986,0.8284616332823889,28,13
0.5090274201651088,3483.072833152517,0.8274135294384187,28,13
0.5156061827359756,3496.6838911295517,0.8249478410746145,28,13
0.5156013842050141,3414.177037887669,0.8322848028279112,28,13
0.5095121096969443,3358.258527,0.8346965500758963,28,13
0.5154483153197981,3441.6092723424313,0.8279356138490709,29,13
0.5082414820151975,3474.284289910796,0.8271357686482782,29,13
0.5195785352234287,3440.5439274691134,0.8299537385590338,29,13
0.5091925390779348,3429.667224870998,0.8305372894488235,29,13
0.5142241247025812,3502.195381829439,0.824631066,29,13
0.508620299,3472.626633084212,0.82806157,30,13
0.5140581007601817,3472.182850174752,0.826653411,30,13
0.5162738955600586,3475.9910898189546,0.8271669962584874,30,13
0.5128249750440514,3447.245875780413,0.8291339033128662,30,13
0.5174525012666723,3442.656313583094,0.8269447934808513,30,13
0.48821028488216894,3110.305471389692,0.8619610733309266,5,14
0.4847645648861661,3056.775880731252,0.8646713914561311,5,14
0.4842377867016503,3130.0215286107355,0.8591365122554219,5,14
0.48441441710287453,3144.5664409691817,0.8596386799660714,5,14
0.48416893046493753,3073.3216992705147,0.8621195205609573,5,14
0.4875586640351008,3074.154852590141,0.8621626521515752,6,14
0.4918014134096101,3157.917937949933,0.8593777001968903,6,14
0.48151185489178616,3184.9654680590493,0.8559172522471572,6,14
0.4961195053780368,3098.829490808077,0.8601484550938897,6,14
0.4874122787760022,3142.690938598333,0.8570320793882467,6,14
0.4876661998503878,3067.753309699499,0.8636761849758778,7,14
0.4903575389130841,3214.1786345663972,0.8528536219770468,7,14
0.4897252230430264,3206.640095558267,0.85376092,7,14
0.48399883063458526,3185.937087487474,0.8539668404518189,7,14
0.4924833857397098,3135.202629059152,0.8566424771471866,7,14
0.496541787,3179.3282976055125,0.8555369691095546,8,14
0.49078066386191804,3188.2562772648175,0.8548801856830606,8,14
0.49232170637457456,3213.7652549288105,0.8517214925891231,8,14
0.4927578850706275,3206.2986916896734,0.8516282816940337,8,14
0.48981066731130485,3138.9830027028643,0.8565174513078669,8,14
0.48874491554473093,3140.8750784009126,0.8568177803117436,9,14
0.4928494034511316,3248.824098303541,0.8483304202391411,9,14
0.49499069666582973,3227.7485511471496,0.8505371249374333,9,14
0.4873513613181514,3191.1869005697586,0.8558159212048195,9,14
0.48270808591088993,3192.7417544155114,0.8518482419219945,9,14
0.4864602145900712,3244.4221123905963,0.8487255025009031,10,14
0.49240731634749857,3222.208210906164,0.851831146,10,14
0.4967421591642143,3284.4008688848244,0.8449630128770731,10,14
0.489729271,3175.909698695313,0.854421065,10,14
0.4884590078766707,3165.291493468698,0.8550247652348735,10,14
0.4893596237219067,3197.864714730313,0.8514081561628001,11,14
0.49326136235075024,3263.1472547051353,0.8475971351225018,11,14
0.49647040431795486,3241.092029481624,0.848403109,11,14
0.49353492867782733,3207.534654246882,0.8522740527090451,11,14
0.4856128209285419,3259.4530449453555,0.8482334198798627,11,14
0.4926810457125625,3314.486027545874,0.8437819979302095,12,14
0.49018762635111357,3227.245278,0.8491121345887681,12,14
0.4933151954843196,3214.1762649869283,0.850045599,12,14
0.4928612828061884,3313.845826666008,0.8443757650592919,12,14
0.4931967432634823,3220.6876118891596,0.8492799362677529,12,14
0.4950147033585681,3331.6558723316048,0.8422765544784832,13,14
0.489658644,3276.9826967258373,0.8461930161252682,13,14
0.48882468454912226,3185.4428299679616,0.8522604142197097,13,14
0.4951449851710676,3345.962460259842,0.8405477718640297,13,14
0.48937584407690854,3196.976227897033,0.850881992,13,14
0.4957453605406096,3317.775229212285,0.8435520551074959,14,14
0.49188290430735054,3186.950708841686,0.8519036785484853,14,14
0.4956776542506149,3326.489725878594,0.8410968983700218,14,14
0.49950998150672676,3354.7289724297125,0.8388900878492281,14,14
0.49047594070365325,3263.3687602829036,0.8460941249216167,14,14
0.49483836548658916,3292.056298208076,0.8441540091415619,15,14
0.49580065238628696,3340.047245424992,0.8409059045752596,15,14
0.4943742849156755,3370.831842,0.8391423679864516,15,14
0.4969122322647888,3287.958452320927,0.8437961818388051,15,14
0.49357010758206743,3236.6479113145665,0.8462166072408479,15,14
0.4906569960865285,3268.936586434623,0.8453829384229252,16,14
0.4905853335084628,3283.726017437124,0.8457824449540812,16,14
0.4965845140062932,3299.735464074468,0.842448724,16,14
0.4879289702885996,3342.089494829494,0.8407902667826211,16,14
0.49378184271393283,3338.4295940738007,0.8392523273566969,16,14
0.4910717706563939,3354.821438,0.8386728697438216,17,14
0.488768631,3325.4692286498757,0.8419278901760486,17,14
0.4924067575160902,3369.3863806971117,0.8387553909470253,17,14
0.49390122274507686,3260.719418916635,0.8454960199559102,17,14
0.5072154003388664,3319.7038524978075,0.8395474235853526,17,14
0.490862877,3388.0518631253394,0.8364249979543672,18,14
0.4980704554856295,3292.3597700188175,0.842132572,18,14
0.4935450253235098,3337.7818296906607,0.8391892295332919,18,14
0.4893862306667196,3364.6070663069786,0.8397599650973856,18,14
0.48987038275866596,3268.821785255724,0.8448352490497802,18,14
0.4888997196192766,3318.4978974706755,0.8400833764156677,19,14
0.49263425989885534,3293.681346029428,0.8431268253338836,19,14
0.49437117089404425,3373.5637647409067,0.8378055017731567,19,14
0.4994744589015361,3358.1596712823275,0.8380828044047279,19,14
0.4972529220964381,3392.130537205708,0.8351404053190734,19,14
0.4872537657416547,3351.903802895862,0.8383662332670732,20,14
0.4935449945599678,3381.4589360169266,0.8365206632214359,20,14
0.4958056256266611,3351.8252362691173,0.8394611389409135,20,14
0.4926240677636484,3348.625841583094,0.8391930233904608,20,14
0.49746034626923097,3339.395614479917,0.8371100723643032,20,14
0.49214970148146187,3256.3169681415134,0.846240857,21,14
0.4979576496803582,3411.394996498206,0.8328537303099891,21,14
0.4971862679858855,3344.744735028529,0.837890931,21,14
0.4990298326214065,3450.7372502056273,0.8317045514135496,21,14
0.49579021897669023,3400.618681524851,0.8330712632734083,21,14
0.49771442957040873,3425.910466164431,0.8317370492205949,22,14
0.49479682263882846,3432.3218041325695,0.8327615897793942,22,14
0.49306314698021225,3385.8971693082995,0.8354810555045122,22,14
0.4994308242781725,3354.571431249637,0.8388997937523178,22,14
0.49864261124451625,3281.4389487062335,0.8414105091485422,22,14
0.4970559764269816,3391.431098625311,0.8345188809334805,23,14
0.49396623021575853,3378.2092387398593,0.8374430440645186,23,14
0.4971062068030333,3367.841483788982,0.8369427797417184,23,14
0.500178591,3360.192340346904,0.8377316154088198,23,14
0.4990505185236014,3417.060956756403,0.830228097,23,14
0.4965149348240396,3335.7008328314723,0.8386114365637555,24,14
0.4994873861647276,3448.352358965667,0.8300683635068871,24,14
0.5016627365460055,3421.6929356156948,0.8333418650609081,24,14
0.5006695629480491,3381.2600637425303,0.8356784741497669,24,14
0.504351654,3412.681436683902,0.8309123425128797,24,14
0.496864537,3397.994442719025,0.8345770199475135,25,14
0.49853363138274837,3343.5508805074605,0.8381127828136724,25,14
0.5058850958308313,3457.139661983097,0.8286686283485931,25,14
0.49656183167591206,3391.903900011696,0.8340263974278481,25,14
0.5007822129177176,3430.7318053125323,0.8311295131518075,25,14
0.5008727686374559,3446.6935276525173,0.8292903522783365,26,14
0.499856534,3341.048862170104,0.8377009990671154,26,14
0.4975139897443843,3370.0633718347694,0.8362986592492669,26,14
0.496897231,3449.924052,0.8294898057909146,26,14
0.5023187969857099,3475.5214867736177,0.8276396452152819,26,14
0.5018233219142582,3374.7705566669465,0.8360638003616434,27,14
0.5007024819666565,3427.188321205992,0.830978026,27,14
0.4980035490849759,3470.647156513886,0.8276638902277663,27,14
0.5013562836381741,3414.904074460586,0.8332506714189658,27,14
0.5000992120174647,3429.993680737547,0.8290895637658641,27,14
0.49813189724709345,3454.4252995155125,0.8282171826231755,28,14
0.5087916514591724,3420.7421042222595,0.8323044057107047,28,14
0.5051019825469024,3456.2850386617333,0.828495866,28,14
0.5056706384909361,3511.384572037583,0.8249318956613608,28,14
0.5064300247338624,3352.0574199326793,0.8354916983984821,28,14
0.500849308,3417.931753496093,0.831398592,29,14
0.5039511774432256,3460.5885729289525,0.8279399482371569,29,14
0.49798763936601714,3412.4519186328334,0.8314647764568001,29,14
0.5080338062090055,3515.6349262788262,0.8248843239608878,29,14
0.49895583993849707,3420.549750820689,0.8305918591861596,29,14
0.5025368623991034,3447.7943379225885,0.8295730860139189,30,14
0.5011071484313512,3400.209898428135,0.8323640078584316,30,14
0.5035442867417248,3435.3257839316193,0.829081242,30,14
0.4965533943683658,3473.576847101496,0.8282361982750256,30,14
0.5032494371939896,3487.940373045143,0.8252497627104738,30,14
0.4694825139335603,3093.820807911219,0.862903137,5,15
0.4716145931097974,2983.642646814462,0.8709055310482848,5,15
0.4746613276604247,3066.5293316083803,0.8643983325068811,5,15
0.47327831188759195,3097.0479157803607,0.8629224582270327,5,15
0.4648755455320198,3066.6349592032584,0.8647541600330113,5,15
0.47058573072925747,3144.7671721331344,0.8590994676025754,6,15
0.4693288745340599,3071.2293042832157,0.8627741589296953,6,15
0.4673565327657466,3095.492133002248,0.8628141671990208,6,15
0.47104359679128893,3108.0175948734823,0.8608211638589486,6,15
0.46576431558972126,3027.6004920679884,0.8680209983476562,6,15
0.48076656088278025,3106.586733495099,0.8612784613871187,7,15
0.4690527449413319,3142.452207431158,0.8580534516583922,7,15
0.4731363412116398,3058.243755349864,0.8636706080969193,7,15
0.47851963428203625,3142.9244898439993,0.857634791,7,15
0.47863387659470635,3193.1138688702645,0.8553790620557629,7,15
0.4731285187076005,3119.538577749259,0.8589159702574354,8,15
0.47913012851221104,3068.4050167729692,0.8634655495599909,8,15
0.47738050476065935,3181.4768371949895,0.8548958739982447,8,15
0.4708315796461302,3175.9566325070678,0.8551417653335158,8,15
0.4800028706784021,3227.3280560427406,0.8518586821905836,8,15
0.4793118255939214,3172.550863276524,0.853959865,9,15
0.4831600510716108,3226.013840442965,0.8530468644529128,9,15
0.4816210695813034,3183.738301433698,0.8535078562642964,9,15
0.48035955284052934,3220.3955990684785,0.852742779,9,15
0.47631419861325625,3122.2591423586177,0.8572024227598413,9,15
0.48823064245402015,3245.4572851593834,0.8498041073725043,10,15
0.4798144213884906,3157.381767140694,0.8558128783497528,10,15
0.47475968195497525,3126.9959058584695,0.857034138,10,15
0.4796918592446587,3275.4923888418157,0.8477029937797894,10,15
0.47265783192865235,3189.524782613909,0.8536655246852253,10,15
0.4806858512181467,3248.063755557732,0.8487900157687265,11,15
0.4745618929392366,3240.943732921653,0.849439885,11,15
0.48854821324583725,3150.3095563622314,0.8543864827161097,11,15
0.48064168229139254,3237.2210478539496,0.8511603646637705,11,15
0.47765781130518115,3204.790336811019,0.8522784994642837,11,15
0.47992706146208686,3116.110103,0.8584965892876077,12,15
0.48196145847213273,3284.999008915128,0.8458354564653493,12,15
0.49225969315640855,3304.884861,0.8434446072579391,12,15
0.4831927906808293,3270.765887574593,0.8472432898956426,12,15
0.4753398258361512,3229.784293432284,0.8492808895020488,12,15
0.47744686052426977,3272.896211620726,0.8458958951373118,13,15
0.4777513182877288,3203.815705340182,0.8510493998394615,13,15
0.4769298275704936,3224.4465215760993,0.8510262129676889,13,15
0.4858112928233129,3297.928414492235,0.8442211333442381,13,15
0.4869662088479721,3268.7445640110386,0.8464784827425397,13,15
0.4891170253833511,3321.340097271964,0.8428298898646334,14,15
0.47791425784508224,3162.388005706161,0.8537819946445151,14,15
0.4819785315752366,3241.9613762141003,0.8488800119430597,14,15
0.48346183181081115,3301.9779701146836,0.8428992026057572,14,15
0.4829623701497683,3330.944625,0.8417164661636473,14,15
0.48673964383522395,3242.9191494674324,0.8483210857668624,15,15
0.4736736604090585,3271.893908780957,0.8459240240861413,15,15
0.4852430167164041,3277.6369969406223,0.8469074111883796,15,15
0.4781013406323382,3317.948828315911,0.8413668144528407,15,15
0.476023801,3308.4833334504547,0.8419186824072385,15,15
0.4806842394207271,3302.3910698783943,0.8434226537369596,16,15
0.4830073919248728,3328.9970264032017,0.8412410314639136,16,15
0.4842344682007206,3323.1274634925708,0.842280917,16,15
0.4877837747311457,3322.672815132641,0.8411827875614264,16,15
0.4921758055578523,3219.587585,0.8489862010671897,16,15
0.48761080647788285,3354.007655020361,0.8383874248266444,17,15
0.4848365791509205,3337.6950843673203,0.8410453081812328,17,15
0.4780286110324401,3254.2975532722194,0.8464221389911579,17,15
0.48204788274627913,3296.537402211428,0.8431387477464203,17,15
0.48740773289568434,3319.9930802807817,0.8418648309571473,17,15
0.4841943951002148,3332.659647996472,0.8403931490448006,18,15
0.4840561663317773,3370.60079,0.8381581615481049,18,15
0.4859851243707742,3272.662063067914,0.8427274244714942,18,15
0.4874302790527479,3371.633527787732,0.838557595,18,15
0.4891218747206004,3277.4880049998437,0.8450568045385808,18,15
0.48093660866525495,3293.954686939143,0.8430828240482876,19,15
0.48105421133950893,3354.3971759396973,0.8402678490780017,19,15
0.4878331964214481,3279.764801573163,0.8429186504629531,19,15
0.4874181763839583,3389.419011115219,0.8368033982220477,19,15
0.4849499829334561,3343.028512520835,0.838420564,19,15
0.48808348954243735,3289.4269660220216,0.8437343934284867,20,15
0.4930276929899338,3412.9625091659595,0.8342154946542928,20,15
0.4920644861666815,3437.9252414084617,0.8322020861689072,20,15
0.4806598306563462,3299.3046927082482,0.8432980647752903,20,15
0.4858283837040088,3318.3146243283277,0.8385876602804632,20,15
0.48629966792094453,3406.8142391127826,0.8351858266535221,21,15
0.4847019133290389,3307.4251851723293,0.8430165961528688,21,15
0.48153762046551163,3327.3200784589385,0.8393777627441967,21,15
0.491984537,3377.1990882694454,0.835283795,21,15
0.479126307,3365.0744542807215,0.8367310921469805,21,15
0.48993933901271425,3337.3536854110494,0.8394638198229587,22,15
0.48889563567173766,3421.7582835294843,0.8338882469833567,22,15
0.48606648799907676,3398.8848817319827,0.83367221,22,15
0.482467997,3324.3653504120402,0.8409737308525347,22,15
0.4882065406822108,3333.0946658882776,0.8385537897161452,22,15
0.48326684022528177,3388.191091647576,0.8336591454318023,23,15
0.48556211656949383,3401.1233027967555,0.836531084,23,15
0.4906069538318707,3405.768257417903,0.8341714309614126,23,15
0.4832964557800413,3360.684665845527,0.8383971014270051,23,15
0.49289126852560355,3292.071058436374,0.840654454,23,15
0.48693490228161307,3379.549397673773,0.8350313246495774,24,15
0.4907224684409691,3378.8953561049525,0.836070169,24,15
0.49416291249579464,3464.711532114603,0.8299676285877072,24,15
0.4942434294560001,3444.7869104369556,0.8312629770699066,24,15
0.48881273565702477,3271.1670588961983,0.8422255694125995,24,15
0.4951424124217192,3395.4033112753677,0.8343506832911737,25,15
0.48665037146817447,3340.6711200917844,0.8379644449710801,25,15
0.4944826792982223,3397.4293856497115,0.8334444246242199,25,15
0.4845878815007445,3437.22689,0.8323180996877801,25,15
0.49107862088532117,3417.619096415464,0.8316927036566755,25,15
0.4885857843006333,3457.893691300874,0.8301701232876999,26,15
0.49953536910946406,3391.7090144659187,0.834300545,26,15
0.4849029762717678,3456.4380579975173,0.8307097111122677,26,15
0.488168337,3332.6854299675115,0.8388067489508475,26,15
0.49087859905624837,3389.599200612581,0.8318341888764185,26,15
0.498281575,3404.883849912134,0.8336660233756252,27,15
0.48763814833958363,3338.7956481712595,0.8385495194007717,27,15
0.4837007162835818,3426.7160848065128,0.8312293380124626,27,15
0.49495544912239203,3436.6203248081306,0.8309888365623178,27,15
0.4906274332411537,3455.0057646030814,0.8280713740936133,27,15
0.4959355245449072,3368.236498882469,0.8351832334932919,28,15
0.49714961637974914,3469.842801877836,0.8281068324475802,28,15
0.4957821889373223,3474.317494919125,0.8285665898401398,28,15
0.49080480138046995,3442.0693361114472,0.8295922903189453,28,15
0.4921855886942711,3395.3042313414976,0.8324792872846737,28,15
0.4929396490537829,3382.006139892982,0.8348221487920298,29,15
0.4926541231966808,3467.227353033725,0.8276958248852695,29,15
0.4910013299046055,3372.655397728841,0.8353826811573053,29,15
0.4963855776004413,3489.4591932140083,0.8263992594256744,29,15
0.4925876427974242,3425.7091485530605,0.8308352517874649,29,15
0.49445802347350143,3479.4296680260063,0.8270987261505591,30,15
0.4949006528430454,3373.238612634096,0.8361366527881521,30,15
0.49782545133803185,3396.732926890319,0.8321405132040749,30,15
0.49057560942547623,3477.165062209496,0.827513964,30,15
0.4919790491651878,3456.606521570274,0.82768558,30,15
0.4624377195541304,3053.7372752372307,0.8659030184121101,5,16
0.46206354487677065,2970.296367908692,0.8711705044063812,5,16
0.4568463988464049,3015.0628525579314,0.8702846821647183,5,16
0.46568944686231356,3107.277408914821,0.8627674145864517,5,16
0.4670570781719943,3046.9751748568287,0.8657753284674459,5,16
0.46156020875797366,3129.6322993387166,0.8607180149514223,6,16
0.46430464545597316,3099.917750259004,0.8620280992613767,6,16
0.46419080912856264,3063.945219317179,0.8645935704382157,6,16
0.4624504335400066,3125.4521275865004,0.8617195193551805,6,16
0.46118753248745314,2943.3640642012188,0.8720057443013524,6,16
0.46724030111094317,3138.7207555383343,0.8589345858669628,7,16
0.46278355487663586,3064.5125866592603,0.8636870252371576,7,16
0.46705326332617275,3091.726831271715,0.8614400014783036,7,16
0.46869647120329416,3199.0468778306395,0.8551968548633215,7,16
0.466315758,3101.4516209424974,0.8610652448404007,7,16
0.46263240758224794,3058.9824868497058,0.8638249960465068,8,16
0.46634550115568163,3191.0473957784952,0.8553751257554092,8,16
0.4729091978732252,3130.386404611674,0.8578421631800466,8,16
0.46137306643197545,3120.6085743522854,0.8608981026852132,8,16
0.4625728867789731,3160.0461983662026,0.8564498091511934,8,16
0.4705179047693455,3151.621538697943,0.8563149912853023,9,16
0.4708339622036791,3018.3188324277307,0.866167101,9,16
0.4678082961576205,3212.749313562094,0.8535929902805113,9,16
0.4640675150809879,3200.052215515912,0.8544156399981211,9,16
0.470011402,3210.9719260555635,0.8518413181165619,9,16
0.47224713452437805,3185.307339354626,0.8534364461882544,10,16
0.4670016555844219,3097.1012289580335,0.8609346251457176,10,16
0.47326792482392976,3212.427853272552,0.8523481735465257,10,16
0.4707100230925816,3237.1848700821097,0.8507024216744286,10,16
0.4736291518711254,3224.067275291346,0.8501027972384358,10,16
0.46663550567716516,3067.0840512456707,0.862794232,11,16
0.46897742185547253,3239.109154967751,0.8504283116158216,11,16
0.4699484715697245,3225.596749892576,0.8500635257229202,11,16
0.46893018765732547,3254.8954853320524,0.8496202989033746,11,16
0.4744630533184895,3228.357795094354,0.84912536,11,16
0.47870152066191507,3252.1744847677555,0.84759239,12,16
0.46373361640495014,3173.946617980762,0.8543221058549288,12,16
0.47158909,3264.508102899135,0.8476851435909596,12,16
0.4675655819227839,3207.501077380356,0.8526171909958483,12,16
0.4703677034307097,3209.0276510672406,0.8514138052192994,12,16
0.4714566491005275,3302.850415594251,0.8452125000344827,13,16
0.47023918569509837,3274.7938656182805,0.8474450725768237,13,16
0.4749737707885026,3272.950888701648,0.8472650306086928,13,16
0.464516969,3154.7923986912892,0.8551014746151901,13,16
0.46980914143838204,3189.6414272543702,0.8504527513087284,13,16
0.4740031444830938,3297.9483574467567,0.8445491546536347,14,16
0.47621176308609237,3300.0346684379074,0.8446132803125341,14,16
0.4742122319376723,3295.9159979562173,0.8449427920963417,14,16
0.4694734498386641,3188.579147,0.8527450403139852,14,16
0.47486107840636677,3194.8899204883496,0.8509353234716455,14,16
0.4732952493112041,3296.7893564863493,0.8426603453397095,15,16
0.47246215954565174,3185.3200606915993,0.8529848435781252,15,16
0.4818909861225742,3302.394620148759,0.8430245492900142,15,16
0.47076596838701695,3295.5875564805524,0.8458269665200441,15,16
0.47658487058120996,3310.3215867893587,0.8425818418159824,15,16
0.4775507166198433,3318.1997544942737,0.8416537039300731,16,16
0.4696713681693087,3313.7413477272744,0.8432393634261908,16,16
0.4813569015524956,3241.749003744103,0.8479725128381239,16,16
0.47018165744423035,3308.5324766064805,0.8450029008885157,16,16
0.4699014669040307,3224.1997887345324,0.8477893407545853,16,16
0.4744896838452863,3293.9485761340065,0.8437861701368599,17,16
0.48087557029662525,3375.272500208132,0.839625212,17,16
0.4779469386814923,3332.222945603536,0.8409460450280778,17,16
0.47185846649964136,3262.76349,0.8461851036261216,17,16
0.4684304064220606,3218.2603308094094,0.8479383465051153,17,16
0.4761191413455915,3333.6032662587054,0.839795813,18,16
0.47074949952183925,3306.4478572225717,0.8421136747672054,18,16
0.4815905271271064,3283.583638776937,0.8449390108809527,18,16
0.4794924914241473,3329.630813649798,0.84113348,18,16
0.47446060296046183,3286.8970445776763,0.8449976949845588,18,16
0.4782537109218916,3345.5986972766887,0.8384942474932839,19,16
0.4807464726522778,3344.2736589779606,0.8408597056524355,19,16
0.4780830558256715,3380.3227529091823,0.8382281909286879,19,16
0.4744597763049234,3377.189534854771,0.8376104227580816,19,16
0.4778371685637816,3195.9137654069627,0.847953151,19,16
0.4821446134126842,3286.202940732239,0.8434841992840163,20,16
0.479297723,3352.9933457679704,0.8394574339577471,20,16
0.4813680417604069,3314.6342934515365,0.8413908559960105,20,16
0.4721334571941784,3351.9211110529527,0.8389534000945991,20,16
0.47698367821143534,3375.3824484147453,0.8362307046220254,20,16
0.47986693953825005,3236.120211532201,0.8470527985764643,21,16
0.4778557957417267,3386.7106079687346,0.8367862335688443,21,16
0.48152537138060614,3339.1295397022454,0.8380554258265078,21,16
0.48077056661639966,3404.492995479311,0.8359499966943639,21,16
0.4780851032550526,3370.478234739015,0.836261509,21,16
0.4874942634337278,3446.564105177581,0.8311138600243737,22,16
0.47882145674511956,3354.2203497095675,0.8380052828489994,22,16
0.47929291919613015,3416.2191449248753,0.8351511670484801,22,16
0.4755291469631086,3282.0489441298046,0.8419926182802808,22,16
0.481137968,3309.5018843084595,0.8409725213602215,22,16
0.4840694049903091,3417.9313354483293,0.8333899871479278,23,16
0.47952660440185424,3309.096032227975,0.8425692140045469,23,16
0.48111206991381883,3401.3790863596346,0.8333879965924321,23,16
0.4809179087366537,3413.3125679172776,0.8338514142722793,23,16
0.48288340961271403,3332.073942797126,0.837672835,23,16
0.4825740904117517,3354.516328136131,0.8385339669972042,24,16
0.47709750112034827,3352.025125014046,0.8372704898454983,24,16
0.4806155827110192,3370.8774421608705,0.8360900974759095,24,16
0.4802884760701967,3416.1421357943327,0.8346752153847773,24,16
0.48976482018981626,3415.1450811964446,0.8309109273478518,24,16
0.48546092305690797,3453.762808118185,0.8303449502471134,25,16
0.48073953173985373,3343.683585266806,0.8382332481294414,25,16
0.49012758810584506,3439.5481167121134,0.829867478,25,16
0.48093808241751457,3392.270184,0.8354177971049304,25,16
0.4833862096995957,3342.5295080179085,0.8374903520421327,25,16
0.4874253669463412,3371.537456580225,0.8367882782120956,26,16
0.48593896889977045,3405.716020011875,0.8338059682080834,26,16
0.49308909168749676,3484.999658635472,0.8274735622839968,26,16
0.47813675254582316,3412.5152006374447,0.8331622070841137,26,16
0.4813056178851164,3316.433925031813,0.8382415994479692,26,16
0.4813573025690868,3448.0922052322553,0.8292127037206427,27,16
0.4866520580813603,3436.6380383426595,0.8323640558127156,27,16
0.48454044649215233,3335.720111386077,0.8391258217552992,27,16
0.4897664402509124,3432.836073729521,0.8297842761320101,27,16
0.49257021821274044,3434.4327626548147,0.8294556494591565,27,16
0.4816404175608207,3330.7137065061797,0.8390709175297506,28,16
0.48692247856015813,3406.7960352204936,0.8332131587970254,28,16
0.4883207252830145,3465.264127591743,0.8292735070980675,28,16
0.48282544099633634,3423.2744468302026,0.8318698434518689,28,16
0.49229835138904965,3428.065672316005,0.8298658739208661,28,16
0.4820490373786149,3436.586177129355,0.8298161939818882,29,16
0.484064231,3462.697160860282,0.8293631527084527,29,16
0.48860758134895094,3369.2612406143226,0.8357895481875343,29,16
0.4855926468009895,3455.751875,0.8294746301829079,29,16
0.48701332364475247,3405.7357025717597,0.8314158111152851,29,16
0.4801088680043657,3440.6312531424087,0.829673385,30,16
0.48261070793036437,3378.8982730413145,0.834979151,30,16
0.48533604924016155,3446.629303719414,0.8293285942691048,30,16
0.4890192066636823,3454.9223074151664,0.83003642,30,16
0.4867828317405743,3427.053710355751,0.8300607496646246,30,16
0.45758823413049693,3071.570048683132,0.8651956887219666,5,17
0.46256018143536864,3076.529754841029,0.8656161828123486,5,17
0.44894566149371723,3035.2919147737193,0.8688547946609091,5,17
0.46189958,2979.172343027734,0.8704232187139904,5,17
0.4563647938359646,3014.829945247281,0.8672428935902207,5,17
0.4542920018677125,3007.1876195456757,0.8678523685524318,6,17
0.45325448827538245,3090.0595396288627,0.8632833885837402,6,17
0.4544284189154404,3068.376024969484,0.8645724914674415,6,17
0.4534488904103988,3123.5883984072084,0.8628252533753498,6,17
0.4599367570055185,3031.063597793912,0.8662783812129402,6,17
0.4623722549306023,3118.3275524365185,0.8602139384440843,7,17
0.4590781038767822,3074.4281627557452,0.863607495,7,17
0.45374167395535886,3115.932553328615,0.8616038181889075,7,17
0.4566351009729854,3129.471053649999,0.8608705857985928,7,17
0.4581173244547846,3070.420147395074,0.8618013285606148,7,17
0.454796835,3146.414213690721,0.8571619335559046,8,17
0.46242945515649975,3056.8680539040765,0.8647421407963216,8,17
0.45531402297476775,3128.331352077831,0.8590761774083813,8,17
0.45776508686775713,3139.1608979051684,0.8602431345630206,8,17
0.46175914985691463,3126.6411821495744,0.8588880355036798,8,17
0.4638033686627717,3128.861356892361,0.8589176890055044,9,17
0.4638061600795722,3180.260793757682,0.8554229183005404,9,17
0.45849496599787537,3127.2617196178844,0.8582636519217562,9,17
0.46378272233494366,3222.749914714225,0.8520211472199366,9,17
0.46292376032655924,3120.839229592354,0.8590433458069331,9,17
0.4581185315404393,3208.3187244725154,0.8525713259122212,10,17
0.4639498774700436,3141.4011795439915,0.8577296049140717,10,17
0.4614825910978456,3192.739839439605,0.8544809635813895,10,17
0.4591141848419738,3155.386019158106,0.8567489481517412,10,17
0.4584582282213538,3163.830860073052,0.8547065726402734,10,17
0.462409865,3150.4106432200724,0.8566638908385857,11,17
0.4675770639629301,3225.014831581093,0.8512962621010103,11,17
0.46040915,3216.5965193034044,0.8516295797340512,11,17
0.46624489838281763,3226.161835171456,0.8508314769202725,11,17
0.46405500476722766,3180.2024609892273,0.853286751,11,17
0.4621056470787598,3238.519350067937,0.8503258112793415,12,17
0.4694956341007983,3202.642107970953,0.8515535044686561,12,17
0.4639959543813387,3179.586991925892,0.8541196875823421,12,17
0.46935590481019257,3226.3521102493464,0.8505253883323715,12,17
0.46548255985334985,3240.606091911303,0.8489436077925402,12,17
0.4706034791224152,3285.412653,0.8465413647836109,13,17
0.4640668726078896,3157.533149642453,0.8552845363957631,13,17
0.47365693534720676,3243.849889682766,0.8490960804178339,13,17
0.4733588152043749,3245.8350163378736,0.8476210709195913,13,17
0.46603502456908874,3261.3323314993404,0.8470233739962434,13,17
0.46555875252934875,3255.501122744723,0.8472955107439091,14,17
0.47105997684504247,3223.5445530769957,0.8513645842434656,14,17
0.47085568175119075,3215.0995366089533,0.85097811,14,17
0.46797179027484187,3303.931002744044,0.8450631111773036,14,17
0.46503635246873926,3262.693195673563,0.8445843411953649,14,17
0.4673395996156983,3294.4018609131886,0.8456966099116863,15,17
0.47287702403158965,3315.0788340465656,0.8428019151755725,15,17
0.4730231060590186,3170.1494526008214,0.8528069375775855,15,17
0.4722933449192458,3294.540325927515,0.8452099945426721,15,17
0.47106867420621445,3273.419381455268,0.8446710871297365,15,17
0.467862698,3321.447433498964,0.8428369625144182,16,17
0.47390307269706416,3222.104456922695,0.8494046287558311,16,17
0.4660143502982268,3303.5530367852075,0.8434025649506564,16,17
0.4702275650980214,3250.1752111845276,0.8467313810195491,16,17
0.46902290901732807,3310.0912672341187,0.8432135916379796,16,17
0.47493981532750973,3324.4826008338846,0.8413381165978044,17,17
0.47077697547059555,3322.1147849881013,0.8413208994195902,17,17
0.469770985,3324.9301418997775,0.8428655582592319,17,17
0.47468456172362844,3313.956160421759,0.8425598613077209,17,17
0.4701988489568812,3218.845434216413,0.8483207709159135,17,17
0.47121186140764726,3338.3606329395047,0.8392595668423805,18,17
0.47753102386439655,3287.7332665700756,0.8452047111311214,18,17
0.4760497029593244,3360.007277639076,0.8389844990790727,18,17
0.47668916582074966,3333.8854989784504,0.8412457107344183,18,17
0.47291106275483863,3254.994014079876,0.8449627660151282,18,17
0.4719643935825239,3290.1029438907703,0.8445492333501068,19,17
0.47251929397939546,3320.994376602898,0.8413924197172578,19,17
0.473508443,3337.122019463544,0.8402165950879465,19,17
0.47649839541140104,3308.7946153075054,0.8415205632322909,19,17
0.4778849233339536,3367.506384264518,0.8372562890238331,19,17
0.47727098916745186,3404.8264722046633,0.8353511759751129,20,17
0.47265549328123935,3299.461562565016,0.8424664969072237,20,17
0.47467534616463647,3298.7358108184762,0.8426703188216079,20,17
0.48019552076797384,3386.9178424088623,0.8366445290570694,20,17
0.468573064,3305.0594261153547,0.8410590243058202,20,17
0.4726096998254488,3348.2735892374226,0.838848051,21,17
0.47441093781619353,3363.057697260662,0.8387749857829764,21,17
0.4856667785762395,3325.8810232095516,0.8403232290752988,21,17
0.47384576404003514,3406.796046687039,0.8354760527290318,21,17
0.47314457807642213,3285.6289218007014,0.8414586430114265,21,17
0.4766433566800627,3341.694646778872,0.8383332216866949,22,17
0.47622061839334573,3348.5355572921103,0.8399510095216742,22,17
0.4823510176543701,3419.3626831010993,0.8333851053483216,22,17
0.47556903124003574,3293.8306541810193,0.8426986003935022,22,17
0.4741267838822869,3386.986994907587,0.8345905260494721,22,17
0.4750995945151022,3420.8546694061033,0.8347576240157146,23,17
0.47636656643735537,3252.887105197195,0.8467236572104035,23,17
0.4839549905432291,3373.9431541246754,0.8356311889020104,23,17
0.4799907299751801,3413.9022380975193,0.8332439494987719,23,17
0.4780063047821333,3361.293054966999,0.8353748237944086,23,17
0.4792550745261241,3375.0708720416633,0.8358568631274185,24,17
0.48133106349157295,3373.196112270361,0.8367216731640545,24,17
0.479221784,3338.987842024134,0.8400854970316136,24,17
0.48028205286322356,3419.3074861238565,0.8331040867178939,24,17
0.47665044062781403,3366.490076985886,0.8352111452993382,24,17
0.4812806634078626,3438.7012701421686,0.83206317,25,17
0.4756069346168244,3353.2070472956684,0.8370775671019064,25,17
0.48631762116260835,3338.678273017804,0.8383141031740354,25,17
0.48501157239227194,3455.0654331641717,0.8303797343192203,25,17
0.4793227570120728,3360.5010780216826,0.8360634838318289,25,17
0.4813021689716598,3473.8275203887274,0.8291511250602592,26,17
0.476822332,3360.0890840696998,0.836978788,26,17
0.4813009608162363,3355.2046208968973,0.8370324019105054,26,17
0.47754039692907857,3411.0049266564147,0.83266499,26,17
0.4862789032079978,3383.689758423776,0.8343863804467284,26,17
0.47399174817424033,3363.3347279921554,0.8366877095587725,27,17
0.4755135228439026,3431.9400677335448,0.8320351297295353,27,17
0.481792761,3404.153350525223,0.8343025432804305,27,17
0.48346302097642324,3463.0390041558617,0.8286466074589022,27,17
0.48119211830337616,3353.0250847451193,0.8354322886959161,27,17
0.4843211777478289,3399.5073727334216,0.8334031579730956,28,17
0.4875575185287761,3450.6872575835428,0.8286001894147327,28,17
0.4795764870783276,3405.2182355343384,0.8335650945620953,28,17
0.47545659432272175,3351.9617057209066,0.8377432879432516,28,17
0.4838763721407961,3466.6324189112815,0.8280091599706264,28,17
0.48415940360618515,3451.8396817110365,0.8285172786570097,29,17
0.48074481603952535,3452.983136339679,0.830305266,29,17
0.48244118887194437,3297.713957976503,0.8411118331166779,29,17
0.48610867698552573,3460.4917016621234,0.8296266359405366,29,17
0.48173776896407017,3438.812003410294,0.8289928167895585,29,17
0.4887269388938426,3386.3861146258537,0.8334595377861413,30,17
0.4930480608747509,3488.214602556723,0.8259660576560911,30,17
0.48657876263642236,3479.678358378293,0.8264044681612415,30,17
0.48306019814391554,3401.951176912227,0.8328461379636911,30,17
0.48442517260381346,3443.038688553062,0.8303379582134948,30,17
0.44681562870359126,3019.9904816811777,0.8697357493537952,5,18
0.4483146405634402,2994.205775549825,0.8705276208816752,5,18
0.4448042519179139,2967.741436305393,0.8732071880843336,5,18
0.4500946545140789,3039.122523377031,0.8673467888330635,5,18
0.4494138698254826,3041.9484819087443,0.8664361622449774,5,18
0.44812963849665693,2984.628591,0.8719133266904702,5,18
0.4453345741639325,3021.5669381818743,0.8680897072511818,5,18
0.44904847746194343,3014.613561554862,0.8691896695079453,5,18
0.45051829548087013,3032.123635624653,0.8685573446934163,5,18
0.4495520921007931,3041.4465459032767,0.8668075719589723,5,18
0.45519507966896056,3077.4050978055825,0.8634242481223853,6,18
0.4490082179467331,3066.9658322367013,0.8647619792196706,6,18
0.44977996070482335,3044.1818818417637,0.8668203992971433,6,18
0.44935332786221344,3077.370725485074,0.8646052500109473,6,18
0.45188735444644795,3049.9747791263626,0.8655842342496262,6,18
0.4530478343178096,3062.3786029275266,0.8658555327877029,6,18
0.4542475821880076,3096.9723919439134,0.8627009963237047,6,18
0.45526053959573687,3064.7294461593324,0.8643454367093449,6,18
0.4452525756901732,2983.451041699181,0.8706160863742282,6,18
0.4463725076080438,3048.745634974637,0.8668920746219672,6,18
0.45508166290374785,3053.117084352047,0.8653202745300081,7,18
0.44998630867673783,3125.120736803419,0.8618331838292785,7,18
0.45023635186889494,3086.675258138808,0.8631061170474458,7,18
0.44735038554142825,3079.4235160218423,0.863713241,7,18
0.4557282289748631,3087.2634733521304,0.8609601143564408,7,18
0.4465294805842071,3027.1490549038044,0.8675281351326651,7,18
0.4527728582371221,3134.629589,0.8602932129672998,7,18
0.4568283883513246,3112.5249286316225,0.861525027,7,18
0.45585033444691453,3064.1085554267333,0.8639607362489748,7,18
0.45648784926841723,3107.070931705862,0.8603878821146697,7,18
0.45721511955029115,3176.102227,0.8559861595378362,8,18
0.4542201361412106,3088.6075376109866,0.8617771404015192,8,18
0.4504058988685465,3070.5414036469124,0.8635622108536752,8,18
0.4527507685592029,3122.5117700260957,0.860935644,8,18
0.45749455809405454,3139.099423169062,0.8579171282031951,8,18
0.4562009972984041,3122.498446120615,0.8605215300136115,8,18
0.4464341665214122,3108.8744955418765,0.8593681168121087,8,18
0.45614678254554974,3103.312196627388,0.8615750798547372,8,18
0.4615101125191823,3079.7003310117316,0.8630826456477352,8,18
0.45116122355003524,3158.270001315815,0.8578223127231559,8,18
0.45741744713704846,3153.5796445449514,0.8575042395859477,9,18
0.45860318795657584,3116.4378736533695,0.8600596028821901,9,18
0.4553403023774745,3173.5628856193657,0.8564262645644323,9,18
0.4543203201313282,3077.410031967672,0.8611614083297026,9,18
0.46017690002460226,3217.3963515043656,0.8522794867523948,9,18
0.4555737138626794,3168.534891,0.8560144329269948,9,18
0.4592643525500015,3181.1167703734923,0.8549189341478002,9,18
0.4555951560172646,3119.499339467869,0.8596922101768096,9,18
0.44996986393222793,3082.5081528461938,0.8624031301538702,9,18
0.45502811327549053,3152.2078315241183,0.8575209488714179,9,18
0.45587685547189893,3216.726556886484,0.852015738,10,18
0.46040128408241443,3236.9254661872023,0.8518349437467013,10,18
0.46603116336265754,3194.3859860838056,0.8526608303553234,10,18
0.46047205500451543,3166.242833252641,0.855775252,10,18
0.4575491090677644,3050.607676,0.8635970906425572,10,18
0.45632681508924766,3124.3572876463672,0.8584057553373793,10,18
0.46078204959494695,3183.5679091309735,0.8538143544641782,10,18
0.4581631740849754,3181.5266848988003,0.8548787916079545,10,18
0.4669643039470938,3225.0971566931753,0.8528025658931463,10,18
0.4589780904790385,3190.637467754295,0.8523430781933038,10,18
0.4580362383008854,3150.0080575939346,0.8550989422766551,11,18
0.46339076414383396,3217.5804453377223,0.852062265,11,18
0.4603233270954488,3270.5782627901326,0.8486000867199369,11,18
0.4619281450904648,3174.0421569242717,0.8555241707367401,11,18
0.46029392674547914,3145.412445054412,0.8561685054656615,11,18
0.4618708264183251,3080.704085009785,0.8609008072288116,11,18
0.4637830743446755,3222.0455748870218,0.851895272,11,18
0.4581013222651888,3234.696868211735,0.8501509403826175,11,18
0.4585820426210644,3190.6599353905863,0.8544448123005429,11,18
0.46380811003857486,3250.3477345328633,0.8480702584057545,11,18
0.4590110570412434,3237.3627453893396,0.8490955719697614,12,18
0.47004700290613666,3213.319337457658,0.8515127364890884,12,18
0.4667230723423277,3140.6739684050413,0.8563068762211787,12,18
0.4608241869011647,3248.3517709887697,0.8507942142672175,12,18
0.4620100477238984,3238.0094745485053,0.8486502248463841,12,18
0.46443367989211987,3241.369977450438,0.8507748408103737,12,18
0.46174508273919357,3181.5919346131923,0.853084961,12,18
0.46182086777974274,3227.7781782834118,0.849025615,12,18
0.4609357266209892,3214.824121324587,0.8535144841561656,12,18
0.4650095537905529,3209.422870166618,0.8501961376943261,12,18
0.46176449510743944,3277.5175082289647,0.8470173133661162,13,18
0.4589202093337339,3218.098343745352,0.8510440077521059,13,18
0.46859543747617566,3162.2163099141694,0.8548669816060367,13,18
0.4636066992839582,3242.5601644244325,0.8497634303608501,13,18
0.4629601340130674,3250.1051566748256,0.8469166260986296,13,18
0.4615386197283045,3219.8674291332477,0.8511910136461881,13,18
0.4593715126129021,3257.6045908538827,0.849355278,13,18
0.4604469578838216,3205.318551802182,0.8519527572927179,13,18
0.4726100416766271,3207.597096037324,0.8498728132138986,13,18
0.45367539774847226,3239.1474930625545,0.8492210700727345,13,18
0.47044746513879343,3259.2452719032476,0.8462119173017172,14,18
0.46579724571576375,3242.3367593963617,0.8499165855083444,14,18
0.46265067270559435,3187.873201321369,0.8518867454993984,14,18
0.46606872712356273,3293.6145907806826,0.8456705494245962,14,18
0.4580883717791712,3247.8562906733196,0.8484515568104419,14,18
0.4651886668801657,3252.979302231474,0.848394704,14,18
0.46654137591051437,3310.229193806828,0.8437435285745698,14,18
0.45980091263019696,3120.200976235179,0.8577695523940612,14,18
0.46270617682810955,3270.563730178353,0.8468258264759203,14,18
0.47060561960406705,3299.916347763797,0.8431448896304432,14,18
0.4664218898620444,3239.469567980191,0.8477737388049009,15,18
0.4679809456193898,3314.7578892986526,0.8438498174302651,15,18
0.4622145567352292,3164.171408729697,0.856217681,15,18
0.4652006315248993,3279.894382627679,0.8458618377951164,15,18
0.46926642874430763,3290.73978,0.8428279044942063,15,18
0.47041760357348344,3277.616558997983,0.8479806611056983,15,18
0.46794416097490815,3297.934096569466,0.8444394871671351,15,18
0.4649352663769766,3288.980232022922,0.844268074,15,18
0.46493457939505306,3214.9026117046697,0.8502243897764646,15,18
0.46573252392422343,3257.604021442754,0.8452457445240953,15,18
0.4683885990457964,3230.662735596119,0.848007513,16,18
0.4692281428999687,3311.049808067728,0.8436666144811321,16,18
0.4702166142624466,3322.8858396324163,0.8420065648994808,16,18
0.46503797235868866,3262.3655123864914,0.8472505663022523,16,18
0.46760718026135756,3273.4196513477477,0.8453178000242401,16,18
0.46850394013801144,3222.499185327791,0.8503495729392405,16,18
0.4752170073472959,3310.1802947570777,0.8420144584000139,16,18
0.4682718536858252,3329.7855496098523,0.8417244998541511,16,18
0.4628769117292416,3227.461621218965,0.8497582650517497,16,18
0.46231501069403536,3282.8608069384395,0.8449285933268273,16,18
0.47342005020710215,3330.455839133719,0.8403399935539668,17,18
0.4670929004278338,3336.019519,0.840267681,17,18
0.4722658574337744,3332.023152839254,0.8421869206977406,17,18
0.4675155380809876,3223.812483558386,0.8498925429484072,17,18
0.46811183377262827,3259.681725,0.8457760319913654,17,18
0.4704460640028331,3292.533358764852,0.8439534154356171,17,18
0.46398579,3280.5226325256754,0.8456086028051462,17,18
0.4658362798808768,3289.5521464382737,0.8439149926904316,17,18
0.47045445378472367,3328.579131658637,0.8421478090003811,17,18
0.4699848029624196,3266.6735950995003,0.8452019571883367,17,18
0.4721414569097863,3301.149641931648,0.8418770164506726,18,18
0.46492539274818123,3352.177399142113,0.8398029376856864,18,18
0.47284102494558655,3295.3670298945367,0.8441298351109817,18,18
0.4700639268626766,3303.7319940368616,0.8442406605120819,18,18
0.47302053181898596,3306.8604982708107,0.8411055349915986,18,18
0.4702849074625439,3327.808443604637,0.8414086914738644,18,18
0.46970339611884226,3328.963067374799,0.84140853,18,18
0.46496814086753124,3309.998237234591,0.8439761072702968,18,18
0.47738359123852747,3224.2396349052497,0.8473958559672523,18,18
0.4737395286716832,3370.258614727541,0.836757499,18,18
0.4629175981978922,3329.3549864208812,0.8415167736989577,19,18
0.46830851937659407,3338.798209913581,0.8402721624131992,19,18
0.47178547476794874,3291.915561190377,0.8445068789102735,19,18
0.4725692119256954,3301.9879460030957,0.8427474512261518,19,18
0.472204591,3302.4248015558874,0.8416423431513373,19,18
0.47448900305746455,3313.6869073889875,0.8407701431320549,19,18
0.46785597416981606,3288.721237,0.8447865656432805,19,18
0.46976365080299226,3343.653156680447,0.8393086156561541,19,18
0.4749480899412437,3292.272030759389,0.844321342,19,18
0.47209124505651995,3356.359977428968,0.8385776797313484,19,18
0.46861931800637135,3305.4381849519095,0.8432428241823743,20,18
0.4681288702105695,3314.5210165766935,0.8429527921773006,20,18
0.4690178715931831,3350.1950068662636,0.8371371899400257,20,18
0.47450848703356036,3384.72693,0.8379342663887341,20,18
0.47157635365059186,3319.1145471745526,0.8388639893829644,20,18
0.46809673760762077,3273.3928666315596,0.8455999520590207,20,18
0.4785842274966244,3356.5949892901363,0.8383643708595367,20,18
0.4663954333795543,3331.3768182650897,0.8409643579151482,20,18
0.4737308141741272,3394.900671791504,0.8349502026430171,20,18
0.47057348746957667,3301.969208077562,0.8417887351519002,20,18
0.47508494219323105,3284.227022216021,0.8426665254294807,21,18
0.46687220769399634,3297.033165,0.842388699,21,18
0.47349968507062323,3377.250298145656,0.8371639005204264,21,18
0.46855056903769987,3368.731362219994,0.8385083814554115,21,18
0.47532029063246295,3395.2816174740406,0.8348135325044561,21,18
0.47452397561693527,3339.466606588572,0.8394547189029348,21,18
0.47497659922728974,3318.0883632252885,0.8417303630330184,21,18
0.4760107481239677,3366.2093899819456,0.8358983387363822,21,18
0.46967450291987234,3343.809223694694,0.840893534,21,18
0.47021791553934056,3345.2447642759294,0.8384602304948086,21,18
0.4741230137107628,3410.6389400998714,0.8335058730592345,22,18
0.47127162450384713,3423.4967805714996,0.8339673813203705,22,18
0.48303727556541437,3262.341373030987,0.8441101223444896,22,18
0.47544693749359035,3345.812539364133,0.8388916697665078,22,18
0.4698473404495714,3362.7508096551887,0.8370956733391457,22,18
0.47485035872370845,3384.8501088482535,0.8357675902093408,22,18
0.47570228844600315,3342.176940989894,0.8389127036315611,22,18
0.4761780950208712,3368.4274624967784,0.837557484,22,18
0.4724950030571601,3388.6483349712544,0.8358671637406134,22,18
0.46998391462521244,3297.8640341916957,0.8417251322592061,22,18
0.47592804710389963,3387.240736,0.8361217305005593,23,18
0.47934171943110626,3400.9520253109913,0.8353595893370878,23,18
0.47517534972254577,3369.2862444327793,0.8375773217876801,23,18
0.4728662607540205,3352.815642,0.8375103726867472,23,18
0.4734116840607883,3324.0473967774333,0.8381997317161611,23,18
0.4735548817699205,3326.061718756531,0.8403484255049237,23,18
0.4784037746352258,3356.1137147398704,0.8372527331018547,23,18
0.47624814171899227,3366.325920910275,0.837037146,23,18
0.4791942673609383,3397.111992058442,0.8354913309342249,23,18
0.47629304208558537,3386.3030580972786,0.8348619932917118,23,18
0.48333042907358786,3383.6013197763004,0.8354882066826796,24,18
0.4743681146225429,3311.012331711735,0.8404222515954859,24,18
0.4793946381345147,3428.4943482216995,0.831679491,24,18
0.4764832119459365,3424.1630568698283,0.8335245391399384,24,18
0.4794792390468887,3365.882868713186,0.8359826468387312,24,18
0.47994492927549615,3416.759322189598,0.8327787881791964,24,18
0.48207952403528315,3370.2534506276284,0.8372750321756905,24,18
0.47688381758248444,3352.860310226327,0.8385429948274067,24,18
0.4787545836679801,3408.715005938822,0.8338611011183805,24,18
0.4752476415725027,3339.069276557534,0.8371154842172812,24,18
0.4818208536201974,3344.227331401206,0.8375389926294367,25,18
0.4758289847239992,3444.3293853837404,0.8306719316369011,25,18
0.47493164997933096,3345.3820971624436,0.8396121735545915,25,18
0.48115059112591657,3409.3845793551955,0.8332432736284358,25,18
0.4734141995158543,3411.7103532229926,0.8319000698703227,25,18
0.4872488638748056,3375.939604,0.8348496970391015,25,18
0.47412448039201677,3444.555917811645,0.8314455187957139,25,18
0.47907792614456607,3366.5172704857437,0.8359370057352362,25,18
0.47981769591941326,3443.590516217409,0.8302675644435691,25,18
0.4746246142592287,3354.7604605694937,0.8375579266040956,25,18
0.47425070556961185,3387.6154706825037,0.835936019,26,18
0.4753535601970012,3392.3772229547194,0.8328827791686373,26,18
0.48592048669580173,3448.9353621210025,0.8302932666604261,26,18
0.47149658721442256,3462.7678667245345,0.8298559598367494,26,18
0.4793812027586995,3297.8567114233947,0.8406524313345328,26,18
0.4854356258836704,3461.3513084734004,0.8293743414009063,26,18
0.4839542057086465,3441.0335974832547,0.8312950863376314,26,18
0.4760028383353961,3295.1334269251092,0.8422057898189083,26,18
0.47894242921760255,3365.8112337755024,0.835747714,26,18
0.4737321140664722,3429.285255966389,0.8306579443411107,26,18
0.4826251780618018,3423.4965366914353,0.8321056216369449,27,18
0.4809174743395452,3468.974459868996,0.8295540694712575,27,18
0.4818856449296961,3317.6372224443753,0.839427429,27,18
0.4788453645397664,3421.4379044717384,0.832988191,27,18
0.4768898458457754,3410.267979414037,0.8304183871343505,27,18
0.48177862228967067,3375.9241855256255,0.8349215413019102,27,18
0.4850748261248882,3419.290136749167,0.8313654935666859,27,18
0.4814773209100864,3437.172853574364,0.8303744129087292,27,18
0.4842051373402988,3460.0437099982864,0.828758645,27,18
0.4770271776168926,3362.9315028185047,0.8377345920272035,27,18
0.48735333302949313,3462.903868356516,0.8278791761688296,28,18
0.48065956627500145,3364.1701387808625,0.8355934023980272,28,18
0.4900334854566203,3407.9694091800307,0.833850939,28,18
0.4756067603714249,3394.9298471044585,0.8336890095574463,28,18
0.4790727326376227,3463.2937425589475,0.8284492550740323,28,18
0.4805380885918491,3480.852033500217,0.8268434621968127,28,18
0.4781373956961761,3455.9139943084792,0.8295050847551919,28,18
0.480302023,3414.6464653342964,0.8316270849458677,28,18
0.48498102646464925,3438.151020909745,0.829974924,28,18
0.47842444055749284,3315.1421524202665,0.8403344573705449,28,18
0.47769678570900337,3451.153512734408,0.8294268982146825,29,18
0.4776264741412715,3360.9276235765205,0.8369237255103525,29,18
0.47893852573842893,3467.2788896473626,0.8294377728102514,29,18
0.4858275676923899,3425.227263,0.8309309283659226,29,18
0.475102195,3397.6375632110653,0.8318626227262814,29,18
0.47935551007874166,3432.1008449835954,0.8307531147723815,29,18
0.47705623095878424,3480.549003147518,0.8290793919566166,29,18
0.4811376191555098,3349.4836697763685,0.8364079935576574,29,18
0.4831874830730682,3346.2531669619198,0.8380411360600958,29,18
0.47875612182983207,3493.435083306628,0.8242430103581776,29,18
0.47943320530299444,3463.0312418073004,0.8282732542493421,30,18
0.4839090324051031,3449.338288863662,0.8292473909770636,30,18
0.48323020599442984,3366.016973179546,0.8363253056831605,30,18
0.48272209668746024,3435.5695892031385,0.8295471559234884,30,18
0.48684420429112124,3451.2166546001017,0.8289825199618786,30,18
0.4763401601638958,3439.7259460055675,0.8299296317412389,30,18
0.4773495207817045,3423.104973521207,0.8312753775164945,30,18
0.48115832029524785,3431.3579626603487,0.8306145692776608,30,18
0.48653827372801656,3445.9770571795534,0.8304822412405537,30,18
0.4844009404340799,3421.530816958888,0.8304566932146084,30,18
0.4436826876686467,2981.3563739511837,0.8707695147490193,5,19
0.4484084644898473,3091.600973903834,0.8645339998606589,5,19
0.4402578663334683,3036.222768172308,0.8677899767034356,5,19
0.44108457154225494,2981.8885202636757,0.8717663968914522,5,19
0.4441113033447348,2950.1521940991456,0.874277108,5,19
0.4463484715947423,3058.2046308681483,0.8668693715990816,5,19
0.4475487665867896,2987.9245313232154,0.871105357,5,19
0.4525316342456529,3007.230678016186,0.8706012938084834,5,19
0.4460586883305701,3035.853482106322,0.868090407,5,19
0.4460809143950215,2966.5806506024496,0.8712585813124856,5,19
0.440943018,3018.9544110982147,0.8682716596446793,6,19
0.45148155625951436,3087.4288513713395,0.8639862070313369,6,19
0.4434974073742538,3063.836846508711,0.8655395636012482,6,19
0.44946503343065747,3103.438421896764,0.8635363448908459,6,19
0.44492987029872716,2960.2337070363924,0.8710685516166918,6,19
0.4464053461881243,3047.7308024533736,0.8664421073052118,6,19
0.4504606952860001,3037.0794311058653,0.8645826950436291,6,19
0.45087804891131095,3064.692617,0.8660182740258505,6,19
0.4432478157925848,3091.934350155846,0.8642357805696063,6,19
0.4492883706123689,3046.290778041726,0.8663800120956655,6,19
0.45467803,3127.260650208065,0.8596471412624623,7,19
0.45614804711143553,3075.373478743603,0.8637545148851603,7,19
0.44495912326931214,3132.9861672340962,0.8599434616721574,7,19
0.4511860829439554,3054.5142491066044,0.8650121440728661,7,19
0.4488939706632039,3052.72708,0.8655844457523103,7,19
0.44970749883101563,3155.1496345524442,0.858092257,7,19
0.45458135963434226,3064.1998046168096,0.8645571465017948,7,19
0.4482386398160131,3092.4705083523513,0.8637546791730835,7,19
0.45269245726210017,3069.712009083186,0.8643487659703082,7,19
0.4427510807414479,3032.564645,0.8657369590072086,7,19
0.4519729570265893,3104.924962,0.8620051764457126,8,19
0.45419812879157057,3124.136213106199,0.8587486519224203,8,19
0.4488241810318117,3152.355127078629,0.857353503,8,19
0.4467412212810533,3083.961319322393,0.8631249358962236,8,19
0.4466203097609072,3089.7266614812147,0.8626792440333798,8,19
0.4504181114950076,3091.9922338286096,0.8625227188004245,8,19
0.45121550855709963,3130.5414560335003,0.8591690717877264,8,19
0.4462576948088939,3120.451098364926,0.8603014552390218,8,19
0.45163857689039943,3095.0064661612405,0.8607391201734974,8,19
0.452914321,3153.4296361415445,0.8579668492002989,8,19
0.4505348010534224,3093.520501139319,0.8601985788423956,9,19
0.4542006412762819,3153.6551647808014,0.8576061199172837,9,19
0.4557606905234149,3124.839715423761,0.8594923088010991,9,19
0.4495769627938323,3151.2249388620685,0.8584926969857015,9,19
0.45230034456349566,3193.341347108027,0.853611447,9,19
0.4563989408086561,3131.274140701404,0.8586271569278281,9,19
0.45793686011080953,3208.079812955669,0.8537894168999862,9,19
0.4532966396313267,3158.0832039395436,0.8568822149020255,9,19
0.4614941107947793,3223.0735925098456,0.8520014247236298,9,19
0.45535137548621335,3045.6548721712275,0.8635971121526853,9,19
0.45660773751643524,3224.4227444945254,0.8514609944691263,10,19
0.4565537608219532,3051.3296369480877,0.8641161999080772,10,19
0.46383880098448904,3254.184467023532,0.8504797425871401,10,19
0.46280367376842263,3244.066227821678,0.8505616812318376,10,19
0.4551991414880888,3069.020886794701,0.8612145298473549,10,19
0.45163656943796415,3127.8169421897787,0.8592233468035778,10,19
0.45553924631321613,3205.2117900665153,0.8532685794308099,10,19
0.4658433228010452,3113.8765229966984,0.85870456,10,19
0.4529308383903235,3194.092170196109,0.8545049298449321,10,19
0.46582170956892416,3223.700326,0.8502023444256832,10,19
0.46137823791205806,3217.3108789552725,0.8511566223876299,11,19
0.4556170450819929,3213.760134,0.8519758278291919,11,19
0.462637086,3148.687516925109,0.8569411935193801,11,19
0.45704601989229776,3208.043784819274,0.8529947590334885,11,19
0.45473832262884006,3148.3151988856616,0.856354161,11,19
0.4575356278777666,3222.039302,0.8517395954968131,11,19
0.4597193613810256,3235.8945792847167,0.8502526981376034,11,19
0.4567056285831589,3207.719834,0.8522118449008953,11,19
0.46249588964939614,3166.4872435465004,0.8557628885390385,11,19
0.45776789848479216,3121.761027653774,0.8578234890351611,11,19
0.4642604106514883,3249.810887767263,0.8492705130548822,12,19
0.4597917877993275,3086.9004355774873,0.8604682547026696,12,19
0.45323403204265134,3224.0277458547516,0.8498887728286144,12,19
0.4617187996427074,3266.955956889971,0.8488145293858554,12,19
0.4589484385652508,3254.356338902947,0.8474611716065019,12,19
0.4611990512317239,3267.591186744456,0.8491130250833568,12,19
0.45927361647019527,3240.817706400796,0.8483469221622809,12,19
0.4594102611398705,3136.4198371710563,0.8573863573668657,12,19
0.4667303475180049,3263.8280554453836,0.8473617745199854,12,19
0.45654238377916356,3178.1723458944907,0.8532765649032197,12,19
0.45649741350029394,3180.873488276076,0.8535100143536458,13,19
0.46407286269720693,3263.0196016022605,0.8482557341468673,13,19
0.4626699368123946,3278.4198347409815,0.8464112717439547,13,19
0.4633543874436504,3200.266912602461,0.8511005739856574,13,19
0.45851613179201695,3239.2482876988565,0.8493153583007437,13,19
0.4618987370839823,3205.5776661854406,0.8516421191866509,13,19
0.4618196846787407,3211.8537220328253,0.8516687415551735,13,19
0.462267109,3173.6330900789458,0.8539353231251658,13,19
0.45643857587208897,3275.1747205572947,0.8476761329947292,13,19
0.46155427967701634,3258.9658332438526,0.8470555676950444,13,19
0.4636448204181032,3271.791232002849,0.8470824837514344,14,19
0.46909793153258694,3331.077821195923,0.8432977823565408,14,19
0.46424461381847204,3174.521916988623,0.8533068486975803,14,19
0.4631871069928465,3320.3063577714734,0.8426940330067804,14,19
0.46359819511978984,3198.869740607652,0.8495952918911598,14,19
0.4637236495822315,3276.8866783666926,0.8471647303521469,14,19
0.46082862081890963,3237.7681391187202,0.8494172502409967,14,19
0.460145383,3268.007353967861,0.8459514007799134,14,19
0.46066529353194074,3267.7842601858406,0.8478737505945177,14,19
0.457575157,3185.8387072219834,0.8512419863640383,14,19
0.46602304763984764,3254.7018808904963,0.847296264,15,19
0.4661146487559792,3318.759715621541,0.8437310837872594,15,19
0.46356050840855456,3326.8350911614766,0.8423564018230574,15,19
0.4601231456273938,3289.0775005181777,0.8452853766171627,15,19
0.45942841396724987,3108.8790772632096,0.8571241987149143,15,19
0.46203836347156324,3232.132464732983,0.8495296169245973,15,19
0.4609415197735007,3277.290536630673,0.8468758386014952,15,19
0.4625512251444103,3290.553387607101,0.8441263059495816,15,19
0.46714882296799504,3318.4835427579756,0.8426195653499385,15,19
0.4589795196745652,3191.7187163207577,0.8515490351493524,15,19
0.46618200244292496,3229.223673831089,0.8482781241632593,16,19
0.4648382230441498,3319.7652812799483,0.8432414621938393,16,19
0.465618584,3325.2615194072755,0.8430549185179567,16,19
0.45910013498007424,3236.5805932677317,0.8487163137796232,16,19
0.4616800661641048,3240.3496762188843,0.8476022881140205,16,19
0.46574056178791434,3313.562370424868,0.8424016179768794,16,19
0.46953722177710683,3312.8723802147397,0.8434515174883976,16,19
0.4694906140071613,3304.7821768609906,0.8434848418279844,16,19
0.46563503897407754,3291.215720406182,0.8433266206337194,16,19
0.4691136970634742,3228.7265107021303,0.8487801336164129,16,19
0.47074558294817725,3357.319093209213,0.8400685307248212,17,19
0.4683777433377554,3347.724679024831,0.8407370046244697,17,19
0.4676697705308551,3211.0202224603004,0.848741741,17,19
0.4674207794030927,3272.729186793051,0.8464795256734221,17,19
0.47022699252298156,3299.4467499006496,0.8418769827198418,17,19
0.4690757325490845,3273.162885789603,0.8456882712743263,17,19
0.47012041452370157,3234.552622426556,0.8480709984154294,17,19
0.4631651715644568,3301.1625001362504,0.8425004674135094,17,19
0.46736315338283696,3314.5919202466025,0.842569167,17,19
0.4625924916529438,3326.9028382746974,0.8426937247457708,17,19
0.4642472093837857,3267.831686467447,0.84540042,18,19
0.4747654140811858,3362.5859204417225,0.838846569,18,19
0.4734467887775045,3350.9363357342736,0.8393966753009328,18,19
0.46528376446945174,3359.565893700993,0.8396153336792817,18,19
0.46518490731098106,3185.257562,0.8510235423119636,18,19
0.47256067118168943,3275.3163343138594,0.8448236007205502,18,19
0.4703759066259879,3332.2376824566127,0.8395870427622703,18,19
0.461787774,3319.709993931846,0.8419579262152397,18,19
0.4761152543701093,3325.1342401007278,0.8429515734579954,18,19
0.46719198390482797,3309.585272,0.8415786033738859,18,19
0.4702740259674618,3363.218459946327,0.838937094,19,19
0.4682808920019161,3357.8797420680385,0.8379950958788307,19,19
0.4706591579181094,3299.3478769711855,0.8441458521634196,19,19
0.4721939619681378,3289.107822691739,0.8439356744460518,19,19
0.47435014954450755,3303.3462494326236,0.8410151047712944,19,19
0.4721590938174689,3383.0820813526084,0.8367784398383024,19,19
0.4685016566811976,3339.432180852928,0.8401770793402571,19,19
0.4684440638749101,3335.509498867668,0.8417779918339353,19,19
0.4685968104079158,3323.7545300269753,0.8409629426028198,19,19
0.4752565954951334,3220.7163498530786,0.8473502014003698,19,19
0.4694491883004915,3249.8822808583654,0.8467307738425646,20,19
0.47187351266627836,3330.7124487332735,0.8400859030515277,20,19
0.4704269155045439,3343.535033326135,0.8401180012819831,20,19
0.4687238763411616,3339.2819043741106,0.8402702712998681,20,19
0.46849334059587733,3378.4855601376253,0.8360410957630707,20,19
0.46937230677813024,3341.330758341212,0.8405809866488604,20,19
0.46645677763821797,3334.184823987234,0.8398629545844155,20,19
0.46734626467243506,3355.3525380941483,0.8392271160088433,20,19
0.4787598537547274,3265.6326784718376,0.844309849,20,19
0.47209651857493606,3382.409241937414,0.8357463710516044,20,19
0.46874943844886435,3309.097306659043,0.8421739428862477,21,19
0.4772439287641636,3328.799428248106,0.8399889581325676,21,19
0.4672775273321819,3387.462299220575,0.8356613463410099,21,19
0.4670831201717314,3315.5880113203934,0.8412265972937416,21,19
0.47116488757580427,3358.6058395322807,0.8387057266460726,21,19
0.4730704760608686,3361.891364256885,0.8378311399184049,21,19
0.4724109398364301,3325.8990111917374,0.8408961844929448,21,19
0.47387263116027317,3368.810599913879,0.836791162,21,19
0.4705227223791794,3306.1298132327665,0.8429737540750739,21,19
0.4779068922257585,3354.570894079234,0.8375360155529333,21,19
0.4804274186119102,3410.459497535518,0.8361856989975918,22,19
0.4763543702520096,3353.4095613552104,0.8367074680573803,22,19
0.4742004407474395,3354.024379128734,0.837057695,22,19
0.47242814267072836,3342.315641607767,0.8392985142592594,22,19
0.4706870396934929,3307.7217739864886,0.8419065026705947,22,19
0.476891632,3393.697266438651,0.8374083458738094,22,19
0.47104723983749774,3311.5816162118917,0.8410584203469578,22,19
0.4842574543016591,3426.840181723954,0.8318894084516795,22,19
0.47675251706597077,3383.356805666879,0.8368752802405917,22,19
0.469644761,3281.9422215585987,0.8410487045020185,22,19
0.4706255386484696,3346.776768956528,0.8379830849730245,23,19
0.47244430358486234,3354.2197701252653,0.8375487271577337,23,19
0.46780829394222023,3372.9703705887187,0.8368670462957563,23,19
0.47397597830044985,3403.1240383504905,0.8353296653647351,23,19
0.477945308,3368.4650842208252,0.8359617961425925,23,19
0.46954271249052015,3340.321236410898,0.839499832,23,19
0.4766064863955946,3335.3180541641473,0.8384917951679587,23,19
0.47547304,3341.6309227875145,0.839493844,23,19
0.4808624619261364,3398.0225750313225,0.8363960341435178,23,19
0.47993462912127366,3419.3425929820683,0.8307594926338685,23,19
0.47218362054941065,3407.8760470707184,0.835160041,24,19
0.4766295816689442,3416.9110182489917,0.8326641319526208,24,19
0.47870895312415945,3372.5061024569686,0.8361473111129876,24,19
0.47724315980080734,3374.9520469228223,0.8363162819729921,24,19
0.47048641459212037,3279.3905235016505,0.8427754342266006,24,19
0.47704612715701034,3411.8982021455517,0.8347914180061398,24,19
0.48413256552578576,3429.2312770254152,0.8322645485017168,24,19
0.4752459663273581,3364.8884012961826,0.8370848734456334,24,19
0.4773016707689725,3382.646052753673,0.8361061707527153,24,19
0.47777534225395746,3296.7237891530694,0.8395652578578983,24,19
0.4759710327053024,3404.632026555999,0.8339089580764085,25,19
0.46892332,3350.6705544233673,0.8366422881921773,25,19
0.477790254,3414.1799510019546,0.8344056120662482,25,19
0.47745967786213134,3365.862304275068,0.8375650589793489,25,19
0.47739410211011657,3384.9912820884097,0.8338773372650287,25,19
0.47396574443998657,3444.189781136274,0.8300866958332123,25,19
0.47624276939464855,3406.766890023866,0.8344437106881427,25,19
0.47204229627536276,3304.3134961601268,0.8412442070017283,25,19
0.4750659518209072,3358.8491033284727,0.836854837,25,19
0.4712980791857661,3391.5880972242626,0.8351671612936602,25,19
0.47378254855595137,3418.725969331366,0.8311819965813335,26,19
0.47645224421761884,3329.5870134848255,0.8391470926620689,26,19
0.4768494716852764,3420.7450076245045,0.8327968309514143,26,19
0.4734900032173321,3408.573014748482,0.835603687,26,19
0.48370651013111676,3381.148392355311,0.8338752591131261,26,19
0.47065861574574364,3371.584736,0.8356396552282971,26,19
0.47669460557723603,3359.531147383028,0.8362788877036913,26,19
0.484138835,3501.6994922737817,0.8268064407355207,26,19
0.47650470364445985,3386.9823690324647,0.8347125772527885,26,19
0.4739900203361909,3361.851023831141,0.8369775003534681,26,19
0.4760093906812211,3320.779086749804,0.8401129256725637,27,19
0.48464243571500504,3461.488234118599,0.8290217223398408,27,19
0.4802519227675871,3443.9076506890688,0.8296881642520432,27,19
0.47752260082397757,3425.7991007978667,0.8321147272997649,27,19
0.4775495430855537,3351.3601620731088,0.8373041231185816,27,19
0.47130683370107523,3450.031888583711,0.8298823345241211,27,19
0.4860273566950318,3408.660706707048,0.8335576601786621,27,19
0.47911368267766946,3393.016738151981,0.8349478377050247,27,19
0.4820235285733303,3379.366290438268,0.8341702689575922,27,19
0.4776811285688951,3371.9783622991595,0.835778696,27,19
0.4759885085242057,3474.0150834734595,0.8282818135315912,28,19
0.483170958,3436.8780134069384,0.8297315420844555,28,19
0.4768532858000147,3393.028992207172,0.8344669543870522,28,19
0.47673372780392514,3411.2299214109353,0.8344050457723463,28,19
0.4790245398970451,3344.571326490545,0.8358636726910312,28,19
0.477317445,3425.1259441810016,0.831453852,28,19
0.48463462398122215,3433.7851991079046,0.8315721711493513,28,19
0.47940924285917685,3406.8612418919547,0.835003867,28,19
0.4836078586183239,3436.359652,0.8296462382498659,28,19
0.4808454490426875,3395.753388250996,0.8313051605120039,28,19
0.4819327344555888,3476.0031286412996,0.8267578636189421,29,19
0.4916180656892949,3422.047853168342,0.8321768167428643,29,19
0.4806774944190448,3495.384357201741,0.8261988483237137,29,19
0.47759907219991987,3400.690520646422,0.8324249906433675,29,19
0.47841869175192103,3360.791814870363,0.8358277448274133,29,19
0.47836462317012224,3455.4672613745843,0.8289959344186663,29,19
0.47994236552529745,3422.7393747152064,0.8312031653941077,29,19
0.4744992121916084,3376.362621,0.8356751323668254,29,19
0.4829983943658873,3463.5903685516146,0.8273683936131524,29,19
0.47839604511849304,3394.2328675283397,0.8343215941057601,29,19
0.4851424502058513,3475.6830976984825,0.8267538544333108,30,19
0.4735057333766133,3447.612661,0.8308869230619536,30,19
0.4812606142855458,3390.481782232012,0.833009652,30,19
0.4788307289429244,3473.5596682831615,0.8278858969897479,30,19
0.4777794262821534,3365.361423030292,0.8350807887166728,30,19
0.4763431439623761,3407.440363768657,0.8324816855427802,30,19
0.48310617114677873,3475.3480340637248,0.8278542755618362,30,19
0.4785190114840163,3419.3812092079806,0.832188588,30,19
0.4805184460520021,3385.1977950428313,0.835319129,30,19
0.4798037945385853,3456.4813019766175,0.8265899314894736,30,19
0.43830863578266743,2885.708748794527,0.8771032722856876,5,20
0.44744012676260025,3062.6416785501942,0.8659787480361368,5,20
0.43888406767457333,2997.173091459573,0.870747927,5,20
0.4480050072932666,3048.989227449074,0.8680077828446457,5,20
0.439157019,3046.534731626085,0.8673140943127811,5,20
0.4417423945195983,2941.682067612153,0.8740979782072258,6,20
0.445882262,3033.823893387932,0.8669204802273848,6,20
0.4477783554703417,3085.759070102607,0.8636893453965069,6,20
0.4420201025425301,3091.8211916745076,0.8637674803716575,6,20
0.44112051265139096,3101.203835298024,0.8620368768079947,6,20
0.44725793524007135,3064.2956570781243,0.8640410724358347,7,20
0.44743353395073293,3129.6554723871836,0.858783257,7,20
0.44888337798898725,3062.0579552317517,0.8662341142695675,7,20
0.45496893405228644,3119.062254,0.8607635242303932,7,20
0.44953687051684466,3059.0209134990328,0.8648547156988722,7,20
0.4491825676463958,3060.8857112913597,0.8637592739230733,8,20
0.4451838858167273,3104.4902992651214,0.861551982,8,20
0.449926244,3099.1251152588234,0.8623493058822371,8,20
0.4555089850519038,3136.476973858641,0.8593324528658107,8,20
0.4459564456135762,3163.3536849139387,0.8560988047680727,8,20
0.4532298850444741,3193.415479961012,0.8554216591850847,9,20
0.4558509957313511,3197.4453342250263,0.8533023377031809,9,20
0.4561160791147763,3182.0418193635237,0.8549878958806143,9,20
0.44984830820309757,3120.257443645433,0.8599245460086484,9,20
0.45545665876651265,3068.4056224818755,0.8616831711306681,9,20
0.4590717828818148,3145.074970833887,0.8567159649863507,10,20
0.45126480270666963,3166.996592439153,0.8564431606603993,10,20
0.44789085405950274,3162.0764641879246,0.8565097646361454,10,20
0.45404788992090905,3233.6568621574625,0.851820649,10,20
0.455905817,3133.932856043858,0.8565765615436245,10,20
0.4632429424211973,3260.2117663224217,0.8495951529106051,11,20
0.4498944890907669,3113.667424051828,0.8595518021631817,11,20
0.45863937467806853,3243.4953966862395,0.8500122628111326,11,20
0.4552134977480828,3231.014225258766,0.8510343864378477,11,20
0.4531660764290143,3095.668648086701,0.8584714124787999,11,20
0.4653087261337167,3249.413832367449,0.8487162797211485,12,20
0.4629683966169297,3238.4743730262962,0.8496013925047423,12,20
0.45739144176427465,3169.4063886791746,0.8545825979475554,12,20
0.4569022882859502,3218.2140215516633,0.8516161070654731,12,20
0.45392767224133623,3197.1706328326595,0.8523417799062706,12,20
0.459242036,3231.8713644759287,0.8493924879103497,13,20
0.4521172660246079,3119.473241542606,0.8588315143659235,13,20
0.4536347060658104,3272.1887741870146,0.8471354212488414,13,20
0.46428962771035676,3290.6506316746118,0.8464117681632373,13,20
0.4615069749213591,3224.4446258299013,0.8488749544124427,13,20
0.4629946938766063,3138.550799325067,0.855921893,14,20
0.4585005718930696,3241.988113479616,0.8487362270845824,14,20
0.4612554965784197,3300.769408565976,0.8455396086204677,14,20
0.4696877479672714,3313.297654760391,0.8440483754215661,14,20
0.46557493361795027,3232.782862659695,0.8481997083196051,14,20
0.46195868036669174,3276.0393246842377,0.8451189082364706,15,20
0.4595574305399459,3269.8899071946967,0.8453106768565816,15,20
0.4618524710775119,3177.2905977716873,0.8539865788429309,15,20
0.4690599326866736,3324.5102720852924,0.8425390686882521,15,20
0.4616874280999072,3278.7206989645388,0.8461776955310277,15,20
0.47330390128824784,3319.6542885091503,0.840856805,16,20
0.4586596303653909,3292.244665509144,0.8451509363229373,16,20
0.46271166253092977,3217.568028129955,0.8492857290488847,16,20
0.4647538170831485,3343.3526271682085,0.840620707,16,20
0.46489767435438595,3248.630987714754,0.8482821397704069,16,20
0.4675467272560066,3271.128383159411,0.8455263145998162,17,20
0.46808917802959416,3356.1594355323964,0.8393307801349411,17,20
0.46405313075533444,3308.3954773640726,0.8437611845866936,17,20
0.4638068903019288,3260.5078893412056,0.8467935006367631,17,20
0.46327099164602575,3264.045711847544,0.8451611462071704,17,20
0.4661786990876425,3317.611237570818,0.8406841290453478,18,20
0.4739324869436688,3266.2508695292636,0.8446237647435597,18,20
0.47148139559955976,3353.1974141923356,0.8396446993778138,18,20
0.46603000518814275,3305.282612541889,0.8434637623162022,18,20
0.4681262976986498,3330.123622499486,0.841513406,18,20
0.4707580583629266,3350.9239493029195,0.8383593103683962,19,20
0.4659305766957083,3239.6977017559616,0.8480420505652226,19,20
0.4719296540968725,3282.1674534855056,0.8437739077206333,19,20
0.4746605384408746,3412.1341932915384,0.8344619860852261,19,20
0.4700781647221692,3357.4697475141966,0.8385141612170981,19,20
0.47147474210871737,3336.5677565934984,0.840283616,20,20
0.4727836713520762,3361.1000039109576,0.8390386478107459,20,20
0.47259342341340943,3336.804070442282,0.8402997623632449,20,20
0.46134561362729964,3343.282088260331,0.838282658,20,20
0.46685428397743006,3275.1525836616183,0.8443293112224277,20,20
0.46670207,3358.1340462224966,0.8402166649542017,21,20
0.4738834585468078,3339.654258121035,0.8394925453498654,21,20
0.4764068172450529,3360.108367034952,0.8360626188678535,21,20
0.47173456807032554,3338.0173251614747,0.8405362121908442,21,20
0.46989923868829275,3329.7175543428853,0.838896474,21,20
0.46929954701037985,3308.2007164229594,0.8423339937264546,22,20
0.4728002253542577,3310.9802299464777,0.8405999532248563,22,20
0.4710982221870686,3326.2819069813154,0.8404086238108857,22,20
0.47276323317526137,3378.995021259936,0.8371467935437471,22,20
0.4705052661934376,3415.795328506323,0.8333306305828863,22,20
0.4722585900318071,3388.299129271775,0.8347332500658651,23,20
0.4766869281145378,3364.084157335619,0.8371498958163421,23,20
0.4737961096700759,3357.504508896782,0.838055828,23,20
0.47511115751270494,3335.7812256598218,0.8389221182966184,23,20
0.47539975405080653,3410.307635061329,0.833804574,23,20
0.48005625249545275,3391.032806387285,0.835585373,24,20
0.4764860287073645,3369.915691787011,0.8358236940631953,24,20
0.46809351774730523,3396.719755,0.83422089,24,20
0.47695310362422827,3438.728605646201,0.831983098,24,20
0.46923462334512256,3288.479565228745,0.8422266163789909,24,20
0.47839416073855195,3354.4327759364082,0.8372535943290701,25,20
0.47130642420176794,3345.1736580611228,0.8390940566047121,25,20
0.47519714195893525,3451.498381628858,0.8319287243719677,25,20
0.4747326905819827,3419.9535690647363,0.8330951002151032,25,20
0.4766104401791587,3346.7573381215293,0.8352491732215033,25,20
0.4818642240041653,3411.369781265822,0.8320893539856615,26,20
0.4800579912594779,3365.377892503845,0.8372432944279738,26,20
0.47840495279605116,3340.0850935178473,0.8380596705650143,26,20
0.4751922094744472,3443.782588493914,0.832052819,26,20
0.4797697446865653,3410.1261554172106,0.8320203247198591,26,20
0.4739053720870875,3385.906344116872,0.8347862880033377,27,20
0.47840502072286345,3450.7547836828608,0.8300306851156284,27,20
0.48139152257091566,3429.681887763474,0.8313687089254066,27,20
0.4759680356677909,3427.159745499568,0.8311016218238948,27,20
0.4730762335370045,3313.664355508906,0.8406012367318136,27,20
0.4774603900546047,3359.3556919750545,0.8369397122822361,28,20
0.4796944404259603,3454.7671208417323,0.8303414605616131,28,20
0.48721203381960176,3483.037538096045,0.8254463808703727,28,20
0.4807815273107064,3446.9412887640096,0.8308182165782836,28,20
0.48096669749384025,3353.9423154540555,0.8353972807683223,28,20
0.48313139267861344,3399.0736940877177,0.832731311,29,20
0.4840072932429615,3389.783745203219,0.8342294064056375,29,20
0.48125466607402567,3467.0027467433565,0.8295823584555214,29,20
0.48693374896117064,3462.2152715335774,0.8281699743224243,29,20
0.479549218,3425.868428217767,0.8297735900418709,29,20
0.47633436604533114,3330.4482911213636,0.8368560362822721,30,20
0.47699030070042076,3461.1147038875133,0.8277259671868346,30,20
0.47831381024882713,3468.3332863034284,0.8290180846578394,30,20
0.47154512413880006,3472.703505927847,0.8288943027039334,30,20
0.47896956119539424,3413.5785218928168,0.8317774998408676,30,20
0.44545378168585636,3033.22393,0.8677255502538685,5,21
0.4393116375696214,3065.0082367237014,0.8666909981975407,5,21
0.43762657896683066,2968.6264155440176,0.8724768572114907,5,21
0.439595082,3016.0835206716306,0.868980306,5,21
0.4344537160377899,2920.415598,0.8765119055373399,5,21
0.4443899773861776,3058.0002558158417,0.8660710929532598,6,21
0.44117563647831765,3026.988035165908,0.86686628,6,21
0.44603150786189055,3089.063895392212,0.8635766100873444,6,21
0.4467524073088135,3058.7061633198273,0.8664040432517698,6,21
0.447652739,3073.6043001047624,0.8630976629075433,6,21
0.44510179719192117,3031.071864807848,0.8664743919268504,7,21
0.45256898034929616,3066.583318163649,0.8638957287457705,7,21
0.44962870847132214,3136.591914,0.8588349546020819,7,21
0.4475120164350565,3091.5238970884257,0.8631297079337853,7,21
0.4480078595868119,3093.3925073517216,0.8637018386407722,7,21
0.45319218967461755,3154.4691812017295,0.8569464358158576,8,21
0.4433274344641528,3076.771301,0.8642672387201351,8,21
0.45091584699203174,3164.7461507937446,0.8572226884461558,8,21
0.4498683024296453,3144.8835408091286,0.8597520982961648,8,21
0.4453898663536649,3037.0425816242823,0.8636696863793054,8,21
0.4490701372965862,3175.828602642559,0.8559083405367174,9,21
0.447248801,3202.3588395181455,0.8543894573499092,9,21
0.4457270487859861,3153.1116549153776,0.857639084,9,21
0.4496621160338894,3073.509950386239,0.8636591177298788,9,21
0.4559668635139591,3095.0538554645937,0.8592965100483124,9,21
0.4570121991606192,3156.9604745928123,0.8560770994115534,10,21
0.45080262847760666,3196.785006723327,0.8520349571228465,10,21
0.4493138084922151,3122.220312,0.8593741261424509,10,21
0.45542968516044935,3193.4247193529686,0.8549778888375648,10,21
0.45910549550592533,3195.0521168069854,0.853484369,10,21
0.4602253012130742,3241.9113498512083,0.8497020362401025,11,21
0.45846868340222696,3207.910198634892,0.8512524818554005,11,21
0.45789618781814545,3195.377087003521,0.853883553,11,21
0.455946884,3113.1628984649806,0.8591037768761536,11,21
0.45297505568945823,3218.3379114242134,0.8517271363807084,11,21
0.4547570968652989,3267.975925643834,0.8483908456869615,12,21
0.4609730846514045,3139.8260591872718,0.8566987334246865,12,21
0.45860738699942133,3185.948854860594,0.8530485409838643,12,21
0.4622247666787855,3198.375081674588,0.8532606218088725,12,21
0.45520403264347364,3251.6493237692434,0.8481026557568105,12,21
0.46260339174040954,3182.4212734628904,0.8532255581260624,13,21
0.4555086444412831,3260.6458019851148,0.8477223710234096,13,21
0.4513105347846985,3245.231595,0.8500880460734576,13,21
0.45875066703557876,3221.113694356577,0.8504846101609004,13,21
0.4545038902618918,3209.044671870541,0.8511060909542191,13,21
0.46346637083178616,3280.568224297762,0.8457826733119519,14,21
0.4629118480137901,3287.4192068916923,0.8452978712699166,14,21
0.4602628846734519,3165.754413017737,0.8549343618325079,14,21
0.4583749142510327,3242.280690482987,0.8490504544566717,14,21
0.46262642977267965,3255.9914,0.8469322858885154,14,21
0.45759624368841184,3284.6339149343717,0.8463963917102553,15,21
0.4620127832142373,3297.1768659004574,0.8444088507694025,15,21
0.45616443989394057,3235.174687967437,0.84928123,15,21
0.46333493075103227,3247.6912928254937,0.8478419811397386,15,21
0.4607960464548997,3225.623571145378,0.8486799257418209,15,21
0.4665552418729397,3239.4208917560645,0.8484143709791019,16,21
0.4684383679842463,3289.3743173936664,0.8450851070811723,16,21
0.45940727714423607,3311.9867537649616,0.8435129094625949,16,21
0.46762722470141577,3345.8353896337535,0.8408355327362561,16,21
0.46318850151090807,3214.470759309414,0.848328012,16,21
0.4641802960574449,3281.2502484015404,0.8439624158232901,17,21
0.4691441225469195,3226.9978122954226,0.8486616698466797,17,21
0.46645259722540955,3343.0767692349777,0.8413488935747107,17,21
0.4635443033465832,3343.3235313627783,0.8416850589763887,17,21
0.46401546107019814,3236.303531,0.8476947046344283,17,21
0.4709968046039386,3352.5464582476907,0.8385807290004511,18,21
0.4690168873884793,3187.7698276135184,0.8519741785725721,18,21
0.46742072131752116,3335.878124084689,0.8405400102686542,18,21
0.4727334602572203,3347.6679553805493,0.838737007,18,21
0.46746485807385635,3326.5513509047023,0.8420751829489853,18,21
0.47124580424976853,3349.5270435891257,0.8398526197496632,19,21
0.4672092081520743,3360.4421619043183,0.838962187,19,21
0.4662175908584067,3219.968389667696,0.8483148810560842,19,21
0.4685026931690035,3289.0121598353708,0.8433836481216701,19,21
0.46536945366825955,3379.332333567607,0.8369207763434924,19,21
0.46441338922400627,3327.3408206894933,0.8427131451766553,20,21
0.46792805180132246,3348.419085978706,0.8386663455582667,20,21
0.47119084828251023,3292.069251034342,0.8432227840572165,20,21
0.4676215615194768,3317.2126908923033,0.8418403511695187,20,21
0.4713553189586177,3351.3680346567176,0.8373211002030012,20,21
0.47732750328424517,3394.003587788007,0.8359927172127306,21,21
0.4724725926633806,3394.421290010729,0.8351564147582992,21,21
0.4664545636483285,3349.606157001283,0.8398478717387269,21,21
0.4775409765965131,3353.0471162215267,0.8378572453275377,21,21
0.47077165772911705,3217.644660125735,0.8479685170405429,21,21
0.47285092749276514,3385.1244157181736,0.8342770468459008,22,21
0.4709805768596721,3300.8441678786003,0.8436417478562956,22,21
0.474815016,3302.611166705542,0.8416091467314661,22,21
0.47303844764110614,3427.6431570280524,0.8325844303672931,22,21
0.469954951,3369.6360191506997,0.837233555,22,21
0.478029849,3354.227349261469,0.8383296906220681,23,21
0.47154578238677786,3404.925753767708,0.8345351219471051,23,21
0.4648011324063613,3317.0838286053663,0.8415978319690589,23,21
0.46931891953321647,3418.2642458345663,0.8333067308121358,23,21
0.4764439425779607,3325.8433744693098,0.8383200059600774,23,21
0.47069028666807006,3346.497525,0.8376292276831567,24,21
0.4711548198740361,3432.2941325233023,0.8316216252181154,24,21
0.4742615271709548,3334.9459941165564,0.8386804164367941,24,21
0.4695771266366952,3396.8617862808105,0.835678808,24,21
0.4736050678253367,3353.765815,0.838231452,24,21
0.4669063040009883,3383.700992812589,0.8360402778329321,25,21
0.4716966122218698,3325.3215768339796,0.8408878946281955,25,21
0.47386765618590426,3425.2753037367656,0.8328628173861684,25,21
0.4765743396931532,3405.9797595632504,0.8338511150560253,25,21
0.4718996391792198,3340.6277106525777,0.8365671340141841,25,21
0.4723426741327531,3415.420075755289,0.8326146911930902,26,21
0.4809439456385481,3442.007665528303,0.8298554087463955,26,21
0.4779533592831222,3353.632778851869,0.8378655661608616,26,21
0.47511937631432954,3390.3875273084623,0.8347529705036663,26,21
0.4799330302554734,3393.6933775672305,0.8340013633626834,26,21
0.48283822101690377,3390.2766991002395,0.8341448843076613,27,21
0.47333925050055814,3382.878133384166,0.8353238102377186,27,21
0.4778498145101888,3450.095354197173,0.8308208105635118,27,21
0.4774857115152656,3389.079384,0.8352071479963793,27,21
0.4766422204467894,3428.978814,0.8290468213809057,27,21
0.482192803,3388.4895846928134,0.8328785818850533,28,21
0.47515250003984905,3396.651213758153,0.8340647921652757,28,21
0.4808433235315389,3382.7318748916955,0.8348910546640631,28,21
0.4784482302256576,3460.102738411223,0.8287747210676344,28,21
0.4767505137396205,3470.234171,0.8283840932287524,28,21
0.48042411114652955,3459.039086741731,0.8292208440434692,29,21
0.48832285078049475,3476.3350519080773,0.8265555629417743,29,21
0.4775229485434182,3288.916748,0.8411152209824208,29,21
0.47486778222145404,3404.7988803516155,0.8325042341171189,29,21
0.4783136917944907,3472.884832343584,0.8291683587983631,29,21
0.48211635366592026,3502.416379,0.8255175302558025,30,21
0.47664058047654667,3408.130818509715,0.8337706805622456,30,21
0.47773350420056954,3383.1367686176245,0.8343513395691549,30,21
0.48101037654338447,3444.0775676579015,0.8296764758384948,30,21
0.4863935951680029,3437.817568447906,0.8279960962489848,30,21
0.4359735608946465,3047.950843121362,0.8668350035159331,5,22
0.43761458889067417,2914.5472560811945,0.8764906862754245,5,22
0.4384682526744128,3018.746016,0.8686885313832873,5,22
0.4385796119669383,3043.7261789834315,0.868473707,5,22
0.4391980127677218,2995.2089251537705,0.8704584364423059,5,22
0.43891756020844164,3050.4625144068204,0.8670112358269054,6,22
0.4513346552607338,3055.4880152909086,0.8654163396777285,6,22
0.44172446190319864,3014.862871896351,0.8691948680804951,6,22
0.4444788487422427,3078.9425981541913,0.8641835688998742,6,22
0.4413903308861276,3046.3577454760716,0.865508403,6,22
0.4437210125190578,3110.1904256395783,0.86212314,7,22
0.4504345771958982,3152.5972359991274,0.8585881873206539,7,22
0.45077236696737527,3073.1112861783845,0.863626425,7,22
0.4469801539175551,3004.3825692539936,0.8672724929482811,7,22
0.44696913776964725,3126.350632796726,0.860230388,7,22
0.4528820487743675,3139.0521835654763,0.8587616942354763,8,22
0.4503072415992839,3055.0924147825963,0.8642152560460259,8,22
0.44518025008609885,3161.470710641916,0.857689613,8,22
0.45586345539628226,3169.546358192317,0.8564640074097545,8,22
0.4517060253225392,3089.6478984290725,0.8614583998099826,8,22
0.4567783581996932,3127.712225816237,0.8585308907766966,9,22
0.4518835188758445,3122.675238988973,0.8601784718957979,9,22
0.4561510754128555,3161.1423173694275,0.8565347140295747,9,22
0.44664602837606704,3143.204410563519,0.8579538122199236,9,22
0.45456839985950276,3175.1673494965944,0.8550106404278861,9,22
0.45869920838992334,3151.7577808620185,0.8571788548329821,10,22
0.45683010739991775,3164.3210830268936,0.8555496093956664,10,22
0.45264712365112103,3202.4784820012906,0.8537509314165965,10,22
0.4480053515377314,3137.2635889049407,0.8576102519833904,10,22
0.4569245908093135,3193.1726947308275,0.8533125261958303,10,22
0.4607545053353836,3202.054375637832,0.8534646747432454,11,22
0.45584877951085406,3166.6693854278906,0.8556564799144519,11,22
0.4564667568708228,3178.1459695470517,0.8541360858568504,11,22
0.45648773607760135,3230.0749973066727,0.8512681625000478,11,22
0.4532800656577233,3194.553946778086,0.8516511744663472,11,22
0.4606649993334221,3235.736264823075,0.8495214114568067,12,22
0.4636316821334371,3234.113713038409,0.8505532669078466,12,22
0.46618841135983247,3204.9502787228253,0.8531270681516264,12,22
0.454552955,3231.5352872803455,0.8495583461492691,12,22
0.4571414690826136,3160.7860201724875,0.8546046102433136,12,22
0.46192513583752487,3215.6071406043457,0.8506244992098173,13,22
0.46112220524076375,3288.985899887864,0.8466422088371599,13,22
0.4642946267447701,3250.9685190074456,0.8473636775805443,13,22
0.45561706216684145,3146.665661304185,0.8567895240589569,13,22
0.45845418809925725,3255.2349691895142,0.8475069681617012,13,22
0.4707654081454343,3324.389496141932,0.8425899342713155,14,22
0.46038411762757003,3276.1692770041805,0.846125983,14,22
0.4605081422830606,3289.026236347632,0.8451599556685494,14,22
0.45931646131822224,3153.9073503701184,0.8551562105545059,14,22
0.46992367617288217,3210.4484228760684,0.8509041114517708,14,22
0.46567400035175416,3310.2708508399933,0.8426082790592371,15,22
0.4657875595412013,3192.5047045266065,0.8513892243230876,15,22
0.4595912796353662,3281.9130031451455,0.8451379471441686,15,22
0.46892868232869833,3333.3934949585027,0.8422113176608563,15,22
0.46023193034685556,3233.181722315011,0.8494851095833841,15,22
0.46170368389954697,3267.0526957193797,0.8467800575649105,16,22
0.46746873654839116,3264.4189382995914,0.8458363892700974,16,22
0.45996237321092204,3303.659459889007,0.843865681,16,22
0.4581440433579688,3251.4374901967144,0.8481383353477314,16,22
0.4657524056620144,3271.0262501213138,0.8456614994165046,16,22
0.46471167791452533,3304.977733799135,0.8431546713710429,17,22
0.46867680759376523,3343.629402211949,0.8393003241484506,17,22
0.4698865442910948,3221.6993486257693,0.8492674456346795,17,22
0.4696121181684324,3307.5144769442904,0.8447202576083761,17,22
0.46796098662724533,3337.0277394314403,0.8388622584513062,17,22
0.4629932423082352,3307.586763,0.8428509262465386,18,22
0.4709591751252103,3274.5811755544846,0.845144172,18,22
0.4628473473427603,3369.805485538944,0.8390143748458547,18,22
0.4705188684756605,3291.1107473364686,0.8437597193246567,18,22
0.47023662865221844,3295.099625479995,0.8424297077410483,18,22
0.4692731943966164,3347.118319325243,0.8396050384069409,19,22
0.4688656373894583,3346.994926984713,0.8399388160735332,19,22
0.47057145296068337,3323.2038265464807,0.8413683172957024,19,22
0.47140842963662155,3365.2916839198274,0.8381393528715109,19,22
0.46560201287035036,3211.7370840301323,0.8487645819099403,19,22
0.47091691640235883,3371.6446063778308,0.838066849,20,22
0.4733398916741753,3294.635527940997,0.8420293813985628,20,22
0.46699975637077196,3305.377245311794,0.8424273381355349,20,22
0.4676917162927119,3361.4267282288474,0.8392004636732778,20,22
0.46573671694255536,3314.899002979542,0.8409986504885902,20,22
0.4658362377694317,3361.495155538566,0.8379612566117087,21,22
0.4691992058562013,3306.5232178432893,0.8426981750382525,21,22
0.475908357,3357.8915704803258,0.8370682015019422,21,22
0.4714358668033111,3365.4116399163936,0.8379367783793112,21,22
0.46927954,3373.638665639194,0.8357677853743062,21,22
0.48051599029738035,3280.52412,0.8431329191297369,22,22
0.46911029185521075,3390.9640243839503,0.836303256,22,22
0.46942422032616105,3355.510689352366,0.8380320141080577,22,22
0.4755207864729702,3385.7154283910636,0.8358862008628491,22,22
0.46990065908478273,3376.643922261926,0.8357485157985097,22,22
0.4770858288841362,3360.8251020195576,0.8359260027870078,23,22
0.46646789021879326,3375.2041598028054,0.8360675101220763,23,22
0.4714532894739444,3342.4925591224446,0.840050003,23,22
0.4799459706574564,3416.5011419247685,0.8344405705659723,23,22
0.4743828288386279,3341.4231616555653,0.8380501071026643,23,22
0.4711470731193384,3424.5202143328256,0.8327682494911318,24,22
0.47665534462514075,3395.873585023141,0.8338095509343447,24,22
0.47225276545490674,3330.986374428855,0.8395157608050751,24,22
0.4750628921813541,3353.3602953186614,0.8386459260799883,24,22
0.4718979523287236,3382.8362028453566,0.8348302793861471,24,22
0.4791563144177416,3435.135833504067,0.8314082202130348,25,22
0.46718674647399744,3293.437119161616,0.8426979863989568,25,22
0.47286720481707595,3436.966989268437,0.8324758614266463,25,22
0.47515059721116165,3363.7777033483585,0.8378423766142811,25,22
0.4687066258308176,3365.737239475878,0.8343626751409571,25,22
0.46794007153214046,3429.817825341842,0.8330850143849154,26,22
0.4764212691836601,3393.793719307651,0.8329527197481046,26,22
0.4658232288979055,3425.039579850015,0.8326639233674928,26,22
0.47178455749709663,3359.9986674143393,0.8371762465829442,26,22
0.47566792,3364.335248862572,0.8353963469694575,26,22
0.479958953,3411.3506587394218,0.8308925415016912,27,22
0.4749451817888929,3375.1866762046607,0.8359327431296145,27,22
0.4752282258812809,3462.113613849462,0.8302473097094064,27,22
0.47265788547883136,3450.500636,0.8308389639020948,27,22
0.4809696827190955,3339.345737158946,0.8369384013836568,27,22
0.4761023953754883,3406.4497537042785,0.834009791,28,22
0.47474263989920384,3323.269601961954,0.8386680353861333,28,22
0.47564461618601667,3435.9496442526047,0.8314723650749158,28,22
0.4771314672467133,3430.319200957153,0.8316704204820775,28,22
0.479134908,3453.039623794285,0.8279685797809858,28,22
0.48105291536158645,3390.260746259638,0.8339518772882313,29,22
0.47942894084107407,3389.8108286342317,0.8327211678828632,29,22
0.4842195411741876,3461.6996491164114,0.8288313699572893,29,22
0.48477714264060834,3492.441956915305,0.8260434957468789,29,22
0.4772038929554181,3400.903559,0.833801294,29,22
0.47744963712127936,3449.096756148407,0.82976177,30,22
0.49311354622113374,3394.573220419151,0.8311528552777059,30,22
0.47552998792124435,3441.7816967567314,0.8315707187233171,30,22
0.48146395406878273,3511.4008914601895,0.8252955964653816,30,22
0.4789802926318169,3388.711899342773,0.8325879764981325,30,22
0.43875951383259904,2995.7536223804145,0.8713619655081314,5,23
0.4399832124577148,3041.5964887695122,0.8691379282457079,5,23
0.4449310260513953,3039.8384698789255,0.8679933306234702,5,23
0.449382603,3054.3962347620622,0.8660456387646467,5,23
0.44218092138656034,2930.6373657831305,0.8727993829658546,5,23
0.4447712212328908,3094.8652315808954,0.8619119287975423,6,23
0.43862594852933817,3034.6518645137244,0.8678020069583645,6,23
0.44549689299074535,3091.37785,0.8640192329867254,6,23
0.4447941263047197,3025.3934193674745,0.868163159,6,23
0.43992938769263434,2987.8929101871786,0.8704274589005248,6,23
0.443987199,2999.9934170904644,0.867634138,7,23
0.448299675,3114.7195707338155,0.8618545920802377,7,23
0.45333968560062743,3126.082631425323,0.8607722508730232,7,23
0.44368777251150215,3132.2442110747106,0.860456597,7,23
0.4421551933259835,3046.636269072895,0.8653049994301225,7,23
0.45139834159596004,3101.6515270112786,0.8614851286467429,8,23
0.45496668471355856,3167.2739160787523,0.8569572079178486,8,23
0.4500053836517812,3084.9675764102262,0.8615406621459293,8,23
0.44847856431152733,3063.6513969757552,0.864837156,8,23
0.45269765095125686,3166.935981707434,0.8564543033521472,8,23
0.4445037949143812,3061.034894735621,0.8634500217338449,9,23
0.4481199919870883,3126.679933971507,0.8587364497267684,9,23
0.4483236577244584,3140.3822676539894,0.8575363818318251,9,23
0.44836462064754234,3167.8409019911765,0.8581191149058762,9,23
0.44798217828085013,3190.1120772293193,0.85430547,9,23
0.46096816870887336,3178.8001474032394,0.8559634185754708,10,23
0.45026265798740045,3219.3400210596483,0.8530790591437777,10,23
0.45122384621924577,3161.1733834583406,0.8548662089696514,10,23
0.4565475071122542,3188.1014091266984,0.8543393987819082,10,23
0.4485271624783099,3107.625890934516,0.8586021883609607,10,23
0.4534489535175443,3244.739675,0.8493822426489448,11,23
0.45482109787424135,3183.679255365729,0.8536005444187124,11,23
0.45566844137156043,3154.1650374342744,0.8566302168761932,11,23
0.4512314134338482,3209.775708346699,0.853155986,11,23
0.45365179470714273,3147.064763180561,0.8563383724809553,11,23
0.45487063454333765,3195.1986565018974,0.8527567842222452,12,23
0.4606626722126431,3248.0242450205365,0.8498302558620505,12,23
0.4534844012422934,3192.638450317669,0.8535766301326446,12,23
0.4583431583038538,3177.179597389896,0.8544659333734964,12,23
0.45296641379444974,3221.3127465726484,0.8497559784760905,12,23
0.4583110943241224,3168.648833912846,0.8533607678710877,13,23
0.45993986079254484,3240.426502639541,0.8508801206413416,13,23
0.463561292,3202.923322828209,0.8510953778650278,13,23
0.45451486915956785,3266.335863866932,0.8478891039900296,13,23
0.4552933833530245,3253.4646044856413,0.8481532344929581,13,23
0.4593402002887043,3252.894106954575,0.8473645828121865,14,23
0.46518653262178494,3255.2172242354745,0.8476995992897512,14,23
0.4590603715933552,3289.084711255261,0.8457304094719837,14,23
0.45414236551378023,3212.325230664426,0.8523766833840801,14,23
0.46370306839264674,3208.8170851258856,0.8501317189413538,14,23
0.46435663045411985,3299.8873701683515,0.8439523890311629,15,23
0.4639836510285161,3200.5855179708815,0.8529603663100681,15,23
0.45791944165629644,3214.90863,0.8504097604939826,15,23
0.4611582425680061,3301.1790349980206,0.8437299869862536,15,23
0.46823993410979875,3325.392591,0.8405492742102552,15,23
0.46381029923616673,3319.406920288118,0.8414226528779876,16,23
0.4692773080358004,3290.5761385317414,0.8443408094876876,16,23
0.46165409449912237,3322.833597436725,0.8430914552040901,16,23
0.4590124833308317,3259.4384109223615,0.8474750890244657,16,23
0.4685854611225414,3219.913900508579,0.8487848679121726,16,23
0.46816043387375755,3252.9205094682734,0.846081215,17,23
0.4665948841990424,3267.304588829863,0.8472194258378174,17,23
0.46613594691946286,3326.508320884173,0.8415522776926664,17,23
0.46527559120333545,3364.430148746058,0.8392270310132574,17,23
0.46109107078824385,3243.169854275904,0.8470430650532979,17,23
0.46903686443742065,3352.286653404686,0.8398130710983054,18,23
0.469278251,3323.6574449981135,0.8419317913722766,18,23
0.468027028,3247.808270634053,0.8469024313404261,18,23
0.4677417091585715,3317.124092712687,0.8421319333875563,18,23
0.4639067526393382,3289.5600182286757,0.8431506056286981,18,23
0.468442091,3359.436248483368,0.8380021718206836,19,23
0.46451388943110283,3298.658295461499,0.842705363,19,23
0.46112288983861444,3324.759326248697,0.8417811723783988,19,23
0.47305724533029603,3292.4052442425896,0.8442365088406645,19,23
0.4713582307781415,3313.2349644332326,0.8416627934001101,19,23
0.46630137994836246,3281.5498741881315,0.8438807029212304,20,23
0.46720440465131435,3379.9541022056137,0.8361915806828698,20,23
0.4724981423476304,3309.9013281438774,0.8440317942990039,20,23
0.4668312440230206,3324.0308468159255,0.8398285054916508,20,23
0.4698625902606885,3372.770252,0.8367566994973673,20,23
0.4808256199315095,3258.111343,0.8439722011392878,21,23
0.4719712313869603,3380.118167799608,0.8368006836262245,21,23
0.46846077930578217,3380.1701875117014,0.8370114841703539,21,23
0.4725289866841446,3409.405316444963,0.8364873904344696,21,23
0.46762874186322223,3307.526378976087,0.8400497617134416,21,23
0.4749668984888498,3306.7010753237373,0.841893692,22,23
0.47184493024317253,3409.1676391712026,0.83283103,22,23
0.4760077753305552,3375.039158883468,0.8361695441087733,22,23
0.47163986572666133,3382.162375627322,0.8376115561045775,22,23
0.4688161747611847,3342.977558464402,0.8379738502783274,22,23
0.46971269131943566,3367.0517535277286,0.8358187804595382,23,23
0.47123057894145687,3315.0237766987316,0.8398916249597185,23,23
0.47340195087726505,3440.6708714084884,0.8318676524961073,23,23
0.4694789987052652,3294.506197906603,0.8439200357317413,23,23
0.4775301340334574,3399.8865815895197,0.8348422980099316,23,23
0.47390048018052616,3371.290503938678,0.8380090372586398,24,23
0.4800443798998779,3412.7732260696203,0.832718867,24,23
0.4763139786223631,3424.118542857449,0.8324505463860008,24,23
0.47687661425281613,3371.420149364405,0.836507359,24,23
0.47995002254326335,3329.0802519842928,0.8378307134702169,24,23
0.474745254,3356.2571620388744,0.8370586579586028,25,23
0.4777053714216308,3340.1263737877916,0.8363253445844272,25,23
0.4727983168130578,3422.286862946571,0.8335189930520994,25,23
0.470830385,3420.7143737148745,0.8336862918377244,25,23
0.4770758664559679,3403.581665022153,0.8336257346091714,25,23
0.4748649275188707,3452.6973550274647,0.8312165016848585,26,23
0.472106341,3391.067777511359,0.8336225054722075,26,23
0.4786969073319672,3355.149128249733,0.837477626,26,23
0.47405692031872215,3361.239282854117,0.8366241647472807,26,23
0.4755796085068913,3407.401741794046,0.8328651554600872,26,23
0.4790401580871734,3374.440135564153,0.8348952515942497,27,23
0.4793945759939189,3346.2762382253427,0.837556061,27,23
0.46979517734356063,3437.6669060863087,0.8324567316805277,27,23
0.47140071837169506,3454.5305063990704,0.8316484851970514,27,23
0.478022239,3397.614988003405,0.831001601,27,23
0.47757054107789015,3430.3631756053855,0.8307309323559388,28,23
0.4810790951219277,3463.792580667781,0.8292377339455614,28,23
0.4783859263896931,3412.0601929012078,0.8323463659347842,28,23
0.47965675643096645,3362.174271985939,0.8372827523650905,28,23
0.47563414159307915,3393.833579815563,0.832916808,28,23
0.47006245680653586,3362.4691833629504,0.8361315948651911,29,23
0.48316385359954434,3445.538421468529,0.8284898768247502,29,23
0.47946496294563185,3464.2796348464894,0.8303481108451872,29,23
0.4830430083075269,3399.030087,0.8330162713576956,29,23
0.4711940524319124,3429.1681001395855,0.8307675984424018,29,23
0.48013145322693207,3473.1466427507166,0.8268746020022306,30,23
0.48040163690919546,3355.8627188900396,0.8375086551478431,30,23
0.48148776943089905,3454.2486429049986,0.8295863291905254,30,23
0.47930405785326147,3489.663055494927,0.8266493640294215,30,23
0.4820908289168075,3396.1766313682306,0.8313198954843672,30,23
0.4379249889275223,3029.914455764728,0.8682915039246044,5,24
0.4416261409475049,2972.958230988589,0.8728613006259327,5,24
0.43676399286926637,3005.9183477413785,0.8699948042856165,5,24
0.4365671874730745,3035.7409612321826,0.8690526380229574,5,24
0.4392651004730575,2977.3426299627477,0.8706442669635968,5,24
0.4376469338732151,3033.492501381423,0.86836786,6,24
0.4477950799703053,3073.4342152635018,0.8645159355634446,6,24
0.43991489331560774,2966.1306011987967,0.8723968731826665,6,24
0.4387111506002879,3063.0648016708165,0.86679077,6,24
0.4419493,3057.462278979566,0.8637702403966336,6,24
0.44385173147826085,3095.0552006709013,0.8632462897065879,7,24
0.44624977553142525,3072.203799,0.8641128951321836,7,24
0.4490898791321055,3143.655169057575,0.8600174982828184,7,24
0.449929883,3129.408212214236,0.8602894248026075,7,24
0.44580703457535675,2965.490235440213,0.869575516,7,24
0.4510817146756643,3073.4687549547157,0.8635202907953505,8,24
0.45230924188763894,3145.3337879983665,0.8578392143149172,8,24
0.4532912668571284,3100.3491244475117,0.8613024302963875,8,24
0.44661374231382517,3151.966378535707,0.8582086249848642,8,24
0.44368460102577295,3119.957237588435,0.8598473656103441,8,24
0.45051701466368654,3098.3074025913215,0.8616431032821845,9,24
0.45214949618093775,3129.7207851374706,0.8584323475094031,9,24
0.44566154230430455,3155.6882413005574,0.858756805,9,24
0.4492489476437899,3135.196987647081,0.8582080755915816,9,24
0.45179691795563554,3139.901177714663,0.8575882883721861,9,24
0.45172611962131637,3149.9221103370896,0.8573061767636665,10,24
0.4489619067890559,3140.448266014741,0.8582282054363047,10,24
0.4493588033387265,3136.696222,0.8586000967758731,10,24
0.45777086870329264,3222.406088,0.8511745960247166,10,24
0.44778993746486917,3182.8515919594824,0.8535526680301007,10,24
0.46183906395457647,3192.643469535628,0.8537040570001839,11,24
0.45263320737982105,3206.702086715082,0.8519301168678144,11,24
0.4592002836274059,3188.0654847403357,0.8539097160975769,11,24
0.46138531815050937,3247.885473921389,0.8494139619876854,11,24
0.4462575395925524,3154.4874454202804,0.8555479697613795,11,24
0.4564858281989221,3256.2887017276794,0.8488406284358802,12,24
0.4567678886384318,3232.8189228811225,0.8503432159272521,12,24
0.45924192634026045,3191.7230103276506,0.8533556086803034,12,24
0.45841799235307973,3232.630792224155,0.8502548949139882,12,24
0.4552984195285283,3147.7224278831764,0.8551354142777938,12,24
0.45354479,3162.4804186688975,0.8559795224742106,13,24
0.46599373504580316,3236.196409146678,0.8490760729209903,13,24
0.45655166337344677,3228.9355422404483,0.8508374561720766,13,24
0.4612225942789194,3267.282005073179,0.8471434137638867,13,24
0.45801696247195434,3228.882600658282,0.8490278425019073,13,24
0.45949891512704877,3260.1512865833483,0.8466808693514097,14,24
0.4630245470783853,3272.783923,0.8465341477809836,14,24
0.4605572292731504,3219.1531113374617,0.851280483,14,24
0.4619217292801393,3271.1368606960345,0.8480903416347432,14,24
0.46424104655124143,3237.953737668073,0.8466997273309375,14,24
0.46622427392623894,3261.7607078617734,0.8457989302016917,15,24
0.4687085627043275,3320.8545967186096,0.8437230717163297,15,24
0.45665938032160214,3264.917029382567,0.8474887743215149,15,24
0.46180188469706346,3188.5997305451942,0.8530151752732237,15,24
0.4608114590354993,3297.757886793411,0.84239204,15,24
0.4592704061197585,3310.269039575508,0.8437576694712683,16,24
0.46360753996490545,3323.664628502917,0.8430024502426343,16,24
0.47024452205055944,3232.2566901411597,0.8481593892409931,16,24
0.4672682974028336,3345.6294370639025,0.8412153561249905,16,24
0.46508762080690746,3168.9584562645236,0.8519580548592488,16,24
0.4627229819169413,3287.297187233947,0.8446513935611384,17,24
0.4685559557948872,3219.8935015084694,0.848696016,17,24
0.4652861899717332,3288.751055970759,0.8442527888973358,17,24
0.4665530000235227,3351.920968817536,0.8410813736386868,17,24
0.46474974129019697,3325.464759697995,0.840655703,17,24
0.4689391439676783,3306.645345153404,0.8425570974008784,18,24
0.47090984430766414,3293.675726904171,0.843182384,18,24
0.4636969837218505,3314.4876922591297,0.8421985167692181,18,24
0.4680245433944605,3352.3761214151646,0.8401665859857184,18,24
0.46630475710111063,3291.3660157987865,0.8431611576923815,18,24
0.4680705321882094,3322.857082488873,0.8414134886125924,19,24
0.4683216094883947,3361.7253275686253,0.8376487579849211,19,24
0.46933114960411193,3350.1223865459515,0.8391578496979331,19,24
0.46985260858072025,3307.932013392901,0.8439334827929402,19,24
0.4700014232164806,3283.9367530815725,0.8425713405331826,19,24
0.4806359184287723,3381.719429314759,0.8362785866280451,20,24
0.4635606118657478,3358.751582330779,0.8379002804571869,20,24
0.4707151586248691,3314.543693,0.8420777557858391,20,24
0.46570955261713176,3368.5696404571836,0.8381617270858905,20,24
0.4672533185312015,3238.9484133296564,0.8468543651704755,20,24
0.47197795125343023,3423.6128933941686,0.8346625925019042,21,24
0.47916849510221543,3403.4937848802047,0.8344221401957295,21,24
0.4695652342077119,3349.0023650179746,0.8391076230373055,21,24
0.47157521999669394,3340.2522024650966,0.8392015609605852,21,24
0.4719928200370393,3228.786046514088,0.8459670536095278,21,24
0.47930165393258906,3397.323979967771,0.8336334166687043,22,24
0.4646803326514538,3324.3505331326646,0.8409650478700388,22,24
0.47038509643345744,3415.9640807215173,0.8344233544684018,22,24
0.47133357583877783,3364.4518921274534,0.8369109856520062,22,24
0.47332996335942845,3299.006757209302,0.8420040428426512,22,24
0.47387341213191314,3389.9619431289666,0.8350586955721968,23,24
0.4778343651740858,3267.8316297510523,0.8440573311703412,23,24
0.47212872447008314,3382.902421785216,0.8364925874987221,23,24
0.47816761103803435,3437.731993514574,0.832493388,23,24
0.472230663,3376.151355455038,0.8346471466956381,23,24
0.47470305474619706,3335.700884345446,0.8390061322227608,24,24
0.475827053,3416.1060275800905,0.833436548,24,24
0.47965716499505284,3455.019487196921,0.8299322477004308,24,24
0.473722858,3369.8117019371775,0.8375712292620481,24,24
0.468164158,3319.6051198443333,0.8387768888240641,24,24
0.47022145162276446,3343.749628816171,0.8391245872944767,25,24
0.4759637940606376,3358.629127879225,0.8374709344831488,25,24
0.4736609322736219,3388.032222502938,0.8344794728467915,25,24
0.475040275,3414.399646917113,0.8337493840317582,25,24
0.47467552548296427,3418.156583444338,0.8312857797356296,25,24
0.4769204796245548,3419.1390876336095,0.8322632592523473,26,24
0.48077087383537315,3341.347776286659,0.8393374180904638,26,24
0.4702497308291464,3356.1205543504493,0.8375635099237104,26,24
0.47035843768705404,3419.2107060693247,0.8321513278764293,26,24
0.4836806483739791,3424.141271976534,0.8311797442783844,26,24
0.47160021498528404,3332.692183067538,0.8375222527722569,27,24
0.4825408636606973,3426.602052372285,0.8318347458914671,27,24
0.4794911011557278,3456.010992255508,0.8287384811836862,27,24
0.48252251054397993,3427.2287756443952,0.8328589289479528,27,24
0.48010694804050374,3414.9768799273475,0.8320271149216562,27,24
0.4804251327203535,3473.8539794538274,0.8289184469528248,28,24
0.4764381192870501,3400.026948804769,0.8334584807914948,28,24
0.47505908572403294,3410.117907,0.8332425930672959,28,24
0.4811599743851506,3430.040282037327,0.8306076396271759,28,24
0.47290485603999927,3341.698890528615,0.836950027,28,24
0.47798714242235946,3379.127166291988,0.8350490253643582,29,24
0.4729689662351508,3459.0405628005856,0.8291971345215217,29,24
0.47841073991368743,3377.407957967612,0.8356267612284032,29,24
0.4820407356985782,3483.309105771923,0.8263172435797087,29,24
0.4820959139666092,3409.128071082384,0.8318056219149541,29,24
0.4730250193762258,3477.031106458712,0.828090904,30,24
0.48115338025029974,3395.947038245077,0.8324831740779071,30,24
0.4784268726658242,3384.834523611906,0.8348012705646226,30,24
0.4751584238438204,3457.881199112492,0.8297685205992842,30,24
0.48121105205741305,3440.4192963494293,0.8281155428451753,30,24
0.44329511925754395,3022.217427169828,0.8688578638099942,5,25
0.43684101514169493,2997.939336191362,0.8703684284727566,5,25
0.4468957139573267,2970.3487003262985,0.8715079226503373,5,25
0.4432494526096441,3029.796777261438,0.8695748213324519,5,25
0.4383747767583274,3031.9130163567543,0.8679182277353479,5,25
0.43975851017145406,3050.855149,0.8666118887902897,6,25
0.4431303927558097,3096.2223491128475,0.8635173423608672,6,25
0.44953711839338883,3050.4707376450338,0.8659302096440251,6,25
0.4455632656386044,3062.3474648335687,0.8653041464176223,6,25
0.43743239365274467,2999.8733840485233,0.8687743951573945,6,25
0.44465596547644665,2984.7130247945906,0.8709206006980336,7,25
0.44694834158581004,3136.2949215532694,0.8592043342354039,7,25
0.44989502538961507,3134.4543845566504,0.8595296123231828,7,25
0.44055705344160034,3038.8181561578353,0.866542174,7,25
0.4438710897933546,3125.9191295754727,0.8596380009692683,7,25
0.4519056352391028,3139.0402292799427,0.8588928021970766,8,25
0.4472160579844664,3140.580704638252,0.8595274597007972,8,25
0.45218785936528955,3153.709142771927,0.8568470668216688,8,25
0.45328673574293077,3183.685446028008,0.8559285927952544,8,25
0.45121837988065155,2979.6673331230913,0.8689612543760226,8,25
0.4580639065551679,3169.356546623149,0.8562019811939798,9,25
0.44914818012689867,3131.9737990207445,0.860236718,9,25
0.45345211835296517,3213.591946299438,0.8526969767796644,9,25
0.4507831775086616,3126.5675361235567,0.8588029867564377,9,25
0.4463962608233779,3111.1527210272034,0.858178182,9,25
0.4520717230533751,3189.609131815411,0.8530850949347792,10,25
0.4646392923005211,3249.072651909102,0.851128512,10,25
0.4497023314277613,3068.938611811754,0.8620151758839291,10,25
0.4523536715869884,3155.161246830196,0.8570995784404756,10,25
0.4502264398044265,3172.3760787607225,0.8552956079174099,10,25
0.4487784087513306,3155.826635959372,0.854375565,11,25
0.45317927870751756,3148.5716724677204,0.8573496722075242,11,25
0.45239784584199155,3175.9067825665206,0.8551157913436076,11,25
0.4630489577480991,3210.4574503908248,0.8527374116500428,11,25
0.45563674138547894,3240.5879037982004,0.8502724806064252,11,25
0.4530006154452387,3251.924030537546,0.8487540685655748,12,25
0.4590939810052327,3231.949211800252,0.8500393330714252,12,25
0.4556590818005642,3179.4202736202724,0.8552801147909788,12,25
0.45909848753227167,3233.9893871861896,0.85003678,12,25
0.45919469751949293,3151.139754447904,0.8549615936961301,12,25
0.4595211830108163,3189.7064151136483,0.8525350795764941,13,25
0.46278279450928317,3205.430497781834,0.8515944386877629,13,25
0.4630024010930939,3285.874263020593,0.845519552,13,25
0.4601640755214473,3285.5112138269706,0.8464066048396272,13,25
0.4512978431223114,3193.484273953928,0.8526853377173992,13,25
0.4574506987972253,3177.494030173435,0.854095097,14,25
0.46623732302039134,3296.8429308016366,0.8432115611790876,14,25
0.4606970196197762,3306.0434361675416,0.8446475819858628,14,25
0.4546196436923404,3198.8688205105873,0.851883202,14,25
0.4645749693526499,3296.2164000221364,0.8440412022711923,14,25
0.45812864457496355,3292.0649966452465,0.8451032265670072,15,25
0.4679168455218462,3219.457349254413,0.850453286,15,25
0.4616866434116792,3219.3020036876596,0.8497379722583427,15,25
0.46241366685138996,3302.7835861975705,0.843527946,15,25
0.4644719290843186,3296.0473478087706,0.8440595742836611,15,25
0.4640664991270982,3315.341045572788,0.8423857428104015,16,25
0.462239494,3219.665940492636,0.8508458651490918,16,25
0.46172527730237806,3248.074602500467,0.8470478063271281,16,25
0.4653551846574241,3320.107441335365,0.8430919636558647,16,25
0.4625378070701091,3288.83454,0.8436106879169609,16,25
0.4711620848411397,3384.7625215496937,0.8372427887531663,17,25
0.4632160747681915,3223.5561376001833,0.8482764789177513,17,25
0.46479440813731554,3331.104544314918,0.8411228709017142,17,25
0.4739362239663289,3322.5409193214987,0.8423301487449332,17,25
0.46139151833825737,3239.2994238350684,0.8476886003858484,17,25
0.46799576019136335,3340.0288986063324,0.8392770156501603,18,25
0.4696916202313875,3197.951779131152,0.8513121650083109,18,25
0.4655972458450034,3320.4454014833404,0.8418368478239944,18,25
0.4623512236537747,3346.5908180560305,0.8396223108400538,18,25
0.47554412565992965,3345.241518035345,0.8398996879805913,18,25
0.4718409319707739,3326.5703614673957,0.8424390938937025,19,25
0.4691741816894574,3273.772542506504,0.8448386083125061,19,25
0.46420825501279717,3321.849513,0.8406061558213584,19,25
0.46360918577419546,3368.352450701911,0.8392031720241203,19,25
0.47371069945721855,3309.9952787645793,0.840131149,19,25
0.4680636884889182,3331.966226712747,0.8402263868368003,20,25
0.46924737118837956,3295.2203838084897,0.8427156443903285,20,25
0.46973924428983554,3347.3256109209333,0.8404708165780219,20,25
0.4646416793459865,3394.6426561884555,0.8372989708039875,20,25
0.4603138542716768,3257.858086761697,0.8440117624370537,20,25
0.4723307568584144,3290.4874155532775,0.8422325287947408,21,25
0.46920206116408686,3395.436635831733,0.8356783202345304,21,25
0.47262718958340677,3405.207238923234,0.8364644804106565,21,25
0.47173681270446316,3297.4657456365544,0.841584122,21,25
0.4732230958367946,3352.101793009025,0.8378522359602363,21,25
0.46806136070290827,3320.3347344217177,0.8404153686745014,22,25
0.4742298306895499,3312.4927689337587,0.8418111580813187,22,25
0.4694890636472965,3407.1018099104085,0.835122131,22,25
0.468018157,3370.7276036232574,0.8373025250080021,22,25
0.47656075331400405,3349.5458656152614,0.8372639798982353,22,25
0.4672981797901294,3392.6865758109557,0.8351993364241659,23,25
0.47207495759186574,3291.404082,0.8427542278706722,23,25
0.4700267701694634,3393.8849517494787,0.8361948833904493,23,25
0.4727601716916431,3426.219827922771,0.832913549,23,25
0.4724531648396846,3306.320322022902,0.8399848053523278,23,25
0.4671108245772071,3259.266766,0.8456068954486228,24,25
0.47354480800586873,3420.969903327238,0.8346918800365402,24,25
0.4750286594609761,3449.4071896413448,0.8301176200374094,24,25
0.4817038295114528,3387.662792581859,0.8347297554480793,24,25
0.47473772565304284,3365.1592886682092,0.8348057182529929,24,25
0.4733284372113108,3354.2718754922607,0.8360085938938984,25,25
0.4799991381512026,3403.320468140591,0.8334999086906398,25,25
0.48330324487503645,3436.1317637942034,0.83057962,25,25
0.4762769127728869,3404.3928108636055,0.8354475561473661,25,25
0.47433361507298916,3380.0248691156917,0.8352169308266887,25,25
0.4722091631782231,3298.9310146492917,0.8416508330757786,26,25
0.47922094180028296,3421.6808643360214,0.8324628757939886,26,25
0.4777065243971412,3442.480913991873,0.8300227425621112,26,25
0.4804026079574872,3450.9430156491335,0.8302590053146371,26,25
0.4730776583385914,3396.244693701069,0.8331700593849373,26,25
0.47861723206718754,3311.4164945694333,0.8409461499636056,27,25
0.4731787952192573,3448.370441956906,0.8298597598588704,27,25
0.4788543605348532,3411.931129905347,0.8325270220434017,27,25
0.4745492402102512,3411.693792308699,0.8337445256446445,27,25
0.4792208803556264,3419.1496796427255,0.8312437693103876,27,25
0.4786491623471662,3388.474156731719,0.8341926041150706,28,25
0.4744881702382925,3389.5827222017474,0.8333969265744819,28,25
0.4761730842215253,3442.2332025197393,0.8303729074008762,28,25
0.4756455756044764,3440.934776558287,0.830940241,28,25
0.47913265166235647,3420.934194213336,0.8316918666321346,28,25
0.48439518628153894,3393.300256,0.8329106035418803,29,25
0.4789155822402866,3388.131314310264,0.8347791662051942,29,25
0.48829092245157735,3507.134998429384,0.8244297070306068,29,25
0.47371413147330277,3440.4742073513803,0.8310027027803601,29,25
0.48033015083513536,3398.1468863899786,0.8329852305920054,29,25
0.47736341187921594,3432.1127794432246,0.8300138127916961,30,25
0.4764240535724723,3399.8767907556194,0.8337894079468344,30,25
0.4788677504178673,3510.2053619814965,0.8255285075883313,30,25
0.4781677721139957,3371.9080101848326,0.8351925484249035,30,25
0.4866154058053526,3429.3126355812888,0.830000551,30,25
0.4435704657213558,3010.1861108601893,0.8696295456645057,5,26
0.4411881439122491,2993.2596541694215,0.8708460870061645,5,26
0.43702744517117637,3006.1381398854705,0.8704508381465947,5,26
0.44499122832859983,3057.608606803124,0.8653921155283246,5,26
0.44366638876937176,3002.6572327562817,0.8703601330071774,5,26
0.44192701397262574,3017.8327079809546,0.8683120365627608,6,26
0.44164196475474077,3081.4690842917803,0.8643849545391311,6,26
0.4357464488517668,3059.0469405621975,0.8653472200553236,6,26
0.439576462,2979.6819065017544,0.871270423,6,26
0.4455136845172737,3085.3932161359044,0.8639793163020415,6,26
0.4447535624974286,3028.050473604734,0.867413388,7,26
0.44719699966194876,3073.827168,0.8625056423541155,7,26
0.44160034645654106,3111.5463075996104,0.8617806338210544,7,26
0.4439561210489616,3120.961253716681,0.8614045733278486,7,26
0.45350581039783056,3087.7994743050667,0.8626744553529243,7,26
0.4583608715078638,3162.181105,0.8563738092287365,8,26
0.4504158964510395,3176.4472001191784,0.8575116809379155,8,26
0.4430462894729197,3085.858790936493,0.8627349201564634,8,26
0.4452888869232378,3120.1972949479346,0.860780859,8,26
0.445833169,3015.998427824609,0.8660229459145787,8,26
0.4480670979451835,3066.4478207838024,0.8630426362465902,9,26
0.45585550688258103,3144.9537791751172,0.857329206,9,26
0.4550588310303035,3136.8143742574184,0.8589906933961887,9,26
0.4585001052786795,3200.115818894647,0.8543558934659072,9,26
0.45105702600902736,3185.021133284696,0.854148669,9,26
0.4588730478838881,3206.767640835483,0.8513628575802563,10,26
0.4508710787307399,3174.935164637766,0.8554775969133277,10,26
0.44646334986880676,3094.0735675648443,0.861509702,10,26
0.4540432610331792,3195.590270378803,0.8539726826187232,10,26
0.4541883060078288,3181.2112889589002,0.8546821278411431,10,26
0.45011119552663953,3208.546043468244,0.8532360349632322,11,26
0.4505781290597774,3124.931692,0.8581779767087337,11,26
0.46120861145611025,3225.698150538328,0.8518814685818489,11,26
0.45797812278026256,3240.382140856852,0.8499780692628106,11,26
0.45505381818767854,3126.4446625973487,0.8570759385040191,11,26
0.46054953832663315,3199.6445222084044,0.8517744434431662,12,26
0.4563915272784658,3270.0157440016865,0.8485188538048999,12,26
0.4603179104389456,3204.314725587633,0.8535291856803006,12,26
0.45350536320949214,3196.442635,0.8528304922412214,12,26
0.4583965478892487,3186.3172587872077,0.8516709657813211,12,26
0.4589797880679591,3221.9060124716025,0.8499425428115315,13,26
0.4644078228032724,3200.979159285931,0.8515675283420294,13,26
0.4557582611578839,3222.5257305610535,0.8510181923015921,13,26
0.4589625,3269.6981120089263,0.8473737629640141,13,26
0.4616947638967838,3247.6978828847805,0.8486063421534478,13,26
0.4628448641184198,3318.444494782827,0.8440847284681772,14,26
0.4585030439125786,3234.0166942652977,0.8498178976620624,14,26
0.46388495089249937,3136.436977494864,0.8548241420031831,14,26
0.452927317,3278.799023184953,0.847285475,14,26
0.46531494297695253,3265.293989321191,0.845926074,14,26
0.4611577233203546,3282.5991060280976,0.8459779722948649,15,26
0.4584386365641834,3289.890954143905,0.8460038733802522,15,26
0.4681874587189162,3259.7386713059987,0.8460475915185861,15,26
0.4654224622363174,3265.2636046763114,0.8468600835945127,15,26
0.45730189229923757,3237.141457662344,0.8475604619257566,15,26
0.46053373963685384,3324.3354866636796,0.8434845758643965,16,26
0.4660588019019269,3257.5281970546966,0.8467461643241669,16,26
0.460316253,3221.711148023135,0.8496830330751232,16,26
0.4598880753516675,3333.4135449858213,0.8431105489933942,16,26
0.4666928548327238,3245.649898634594,0.8448596294651727,16,26
0.46788219189838764,3259.865625827526,0.8465946296770822,17,26
0.46058852986686794,3318.076069,0.8433787831398504,17,26
0.4618118395752978,3310.272767844142,0.8430550493365245,17,26
0.4619676061469689,3324.3875251083387,0.8418439066980236,17,26
0.46202797495643805,3224.593776717532,0.847902242,17,26
0.4678747333993421,3328.4407905192115,0.8405761602358461,18,26
0.4684032833609978,3315.797514076551,0.8415729660578323,18,26
0.46496080761930647,3314.504428057871,0.8424092317252542,18,26
0.47243132441548263,3345.4507087471375,0.8414329323400299,18,26
0.46899225416098955,3269.998049,0.8437705241641135,18,26
0.4678334392598452,3280.062671218697,0.8450038574473366,19,26
0.46929845638742057,3270.052533473283,0.8451247734709189,19,26
0.463993306,3334.7836041903215,0.8395976549819777,19,26
0.467857843,3379.8080097617008,0.8369403592834455,19,26
0.46933084584239204,3307.3095383057052,0.8432604525626397,19,26
0.47325028554718995,3300.1842318585113,0.843546769,20,26
0.4717782700117127,3395.3210784770063,0.8359135854756843,20,26
0.466374153,3347.3329280857006,0.83952994,20,26
0.46248194364609807,3240.1143245405774,0.8473670937006572,20,26
0.46947041361489383,3375.287537298939,0.8352601600590306,20,26
0.4667811799447215,3359.057944985572,0.8370928883705901,21,26
0.47208643644667647,3393.386106553098,0.8360317386013149,21,26
0.46895822379403196,3236.8365947122934,0.8473543601648943,21,26
0.4695261272654796,3412.3493215381836,0.8343246023930353,21,26
0.47369352456128133,3326.0440275290503,0.8401820478126285,21,26
0.4744420379868334,3374.519573071119,0.8352279458446439,22,26
0.4794536246595489,3294.1744570178266,0.8416210956118366,22,26
0.4741000708750027,3392.3557195737767,0.8351444567559221,22,26
0.4736821801099714,3382.874175524263,0.8369559437569907,22,26
0.46595452760384265,3374.5012725942493,0.8373419149649746,22,26
0.47309620526019047,3396.2042452407013,0.8350801421637043,23,26
0.4681394127028405,3394.1646650144785,0.8346554888719048,23,26
0.47290901736727364,3373.4429051524708,0.8369901991009793,23,26
0.47344563740783824,3327.063541351564,0.8414591169225215,23,26
0.4729906981742691,3320.211690919959,0.8387888048938744,23,26
0.4744743241302071,3390.1229655951447,0.835355389,24,26
0.4810096234964762,3374.2163049071883,0.836213307,24,26
0.47404889706131237,3415.3625093596374,0.8336565508750751,24,26
0.4697389314443733,3338.058386713952,0.8392286405143035,24,26
0.4787798507247696,3397.985212144041,0.8323673054177496,24,26
0.4760390213063492,3420.0552016285856,0.8310152301698757,25,26
0.4776767216256241,3373.2484706040323,0.8368227647114745,25,26
0.47591851007943875,3426.266663339998,0.8330403052300944,25,26
0.47160680002376343,3356.6627551697484,0.8372032757695665,25,26
0.4727483320784386,3376.3580797129252,0.8351530785106396,25,26
0.4771074828602094,3404.239478,0.8335480782837537,26,26
0.4749586926989445,3388.2178674583643,0.8351420839591664,26,26
0.4745814707154155,3396.0294082638015,0.8352086759895667,26,26
0.47616720305810145,3361.8408948302435,0.8373569492135631,26,26
0.47816494156681166,3444.882933195795,0.8277486309003255,26,26
0.4729540871396575,3319.6955798603803,0.839869607,27,26
0.48123718245914004,3440.1472670754156,0.8307271140634966,27,26
0.47110240015308574,3411.265652967752,0.8324369440570736,27,26
0.47532154667201926,3425.9217115399647,0.8318073457954089,27,26
0.47508391499440766,3386.9211428431317,0.8353391374594819,27,26
0.4823130992566688,3430.862012797934,0.8306214733710126,28,26
0.47429610860815336,3420.4835581276525,0.832846249,28,26
0.4799649629568214,3429.3279963697873,0.8305750476541057,28,26
0.47498577480061177,3396.822391687097,0.8349622375110318,28,26
0.4785757186248906,3405.6739355745617,0.8314471839420692,28,26
0.4805097664367719,3396.744100982333,0.8334757741954402,29,26
0.4795823282987659,3424.306370752489,0.8323391089701431,29,26
0.4758353461655934,3473.1247777941194,0.8281259531271394,29,26
0.48044777642181125,3381.7736009406563,0.8331798257561122,29,26
0.47758867612656064,3452.9542905297403,0.8288597875216417,29,26
0.4807209826641768,3413.4449805324225,0.8327591905184081,30,26
0.4779227617111521,3413.3204983271244,0.8306947345628889,30,26
0.4734466193912107,3341.1411238086534,0.837318597,30,26
0.4804686887239101,3485.097112518189,0.8289745173252085,30,26
0.481216298,3471.245489445148,0.8266317554312523,30,26
0.4410231993084217,3070.6539193419703,0.8653367691537905,5,27
0.4350689918390962,3006.975344322888,0.8700972821060109,5,27
0.4452326484764354,3037.1245911277124,0.8671592562178864,5,27
0.4458948385344531,2956.9778786053903,0.8741929105974873,5,27
0.43909793220245363,2978.7143867657487,0.8715319949084334,5,27
0.44105152354487753,3013.917426059442,0.8680606852248566,6,27
0.4522809866280901,3115.7806503307866,0.8625449141594805,6,27
0.443009543,2973.4422113865226,0.8727942910280426,6,27
0.4414411760619354,3092.0863394290477,0.8638885755466306,6,27
0.4445669071826896,3063.8866077490716,0.8627605978858911,6,27
0.4459560198319089,3109.8185325548743,0.8616617596180863,7,27
0.4454362414751192,3127.212299850002,0.8600269079111398,7,27
0.4455275672120897,3090.4491832464378,0.8635036599108591,7,27
0.4405999665904853,2989.0123308341285,0.8701962136632038,7,27
0.4529289886178802,3096.399519110813,0.8611570217886364,7,27
0.44773538081799885,3063.796487634881,0.864257071,8,27
0.4464053880520516,3131.555933862498,0.8583014035321164,8,27
0.45668734471688216,3167.243574,0.8565924818850414,8,27
0.4514467513465761,3081.445089498121,0.8635180623874809,8,27
0.44601352244108305,3146.312881319703,0.8580684610904119,8,27
0.45802045527112595,3172.9501312434745,0.8558307501029319,9,27
0.4522229625180938,3067.391716058862,0.8633216087416316,9,27
0.4449880240022046,3168.4850227583383,0.8563341540047422,9,27
0.44882119528491465,3187.9834517781132,0.85603255,9,27
0.4521500205235692,3128.1908129451162,0.8571112419876872,9,27
0.4536407261704962,3194.0076225248486,0.8539016495565239,10,27
0.4451744868370362,3200.817981952162,0.8544234394508949,10,27
0.4488892296109193,3077.3291908611072,0.8626261127105773,10,27
0.44541276290416515,3186.1064076988255,0.8544852463458861,10,27
0.45128586366696605,3130.281373363298,0.8574240339479844,10,27
0.4516224220453343,3230.932493941677,0.8525090213733515,11,27
0.46145835611612573,3062.1382924771706,0.8622649814164187,11,27
0.4578190370475659,3221.8820325573624,0.8501944410337271,11,27
0.4607941684457775,3241.4098767786595,0.8501394859886647,11,27
0.45684073578186263,3201.877244848986,0.852215959,11,27
0.45751257104745197,3232.3988862337187,0.8505240749583058,12,27
0.45304949340386963,3211.854937034607,0.8515457846713214,12,27
0.45926583203661503,3261.539083552304,0.8486165823984126,12,27
0.4507974881991292,3185.2084374814604,0.854697996,12,27
0.45620465080325245,3158.2287632779844,0.8536314718081801,12,27
0.4612154518437579,3137.4256104961573,0.8562929990259404,13,27
0.4602714940309091,3266.599428060662,0.8475991402996785,13,27
0.45194732441603325,3172.801850984578,0.8546089750143924,13,27
0.4517824426784236,3288.6773191029806,0.8467709029379622,13,27
0.4597007858349043,3282.117957563626,0.8445351302075799,13,27
0.4580583929574298,3257.6400405463855,0.8476702214401364,14,27
0.46042612080692874,3287.136600824905,0.84533228,14,27
0.4615087559059518,3114.444168856135,0.8570053113573843,14,27
0.45815109859142983,3293.743065379139,0.8468429956692431,14,27
0.45156521251531817,3227.1312330861797,0.8500080305718527,14,27
0.46485402658829217,3235.714809222218,0.8492585365833254,15,27
0.45620081574266347,3283.4186234645404,0.8465130581666745,15,27
0.4603807226403449,3306.187634050133,0.8437509964604768,15,27
0.46435530474960773,3305.1646856862344,0.8441851213045899,15,27
0.45709286574204966,3174.5769953245454,0.8515028137157327,15,27
0.4662115647332383,3301.549014026816,0.8433835445940575,16,27
0.4625514350332733,3298.9829278763923,0.8451720606398612,16,27
0.46151994028300225,3337.314378143386,0.8402439478626866,16,27
0.4707155016142568,3246.4759036800856,0.8477816009737043,16,27
0.46100914987123537,3227.916641656556,0.8485161067796371,16,27
0.46570613365190006,3277.6055235049985,0.8447332798632005,17,27
0.46494422667771895,3242.4474961995534,0.8495645683714805,17,27
0.4597191160879361,3274.2991366896363,0.8452508478183286,17,27
0.46509033071140043,3373.6317270223453,0.8383244484146095,17,27
0.4589590698634783,3292.2003939615643,0.8426309538367709,17,27
0.4630146013746409,3190.5611311076864,0.8499667620484563,18,27
0.46354710602010896,3256.151351,0.8472393185820156,18,27
0.4661879419128159,3370.407412,0.8374621662727926,18,27
0.47040612083316674,3380.0476965046882,0.8381210519152738,18,27
0.47092611140197177,3353.1831762009783,0.8391642691620426,18,27
0.46145313956900935,3303.774492946997,0.8437095835285846,19,27
0.4748542349934748,3388.191671453337,0.8368728755809998,19,27
0.4635899151922892,3286.2612293510933,0.844239282,19,27
0.4629568319367551,3300.7981548541347,0.8439126159040307,19,27
0.4701184175805824,3289.7259104334353,0.8415030395018513,19,27
0.47140158982414326,3296.279993,0.8426032206740189,20,27
0.46736143685468007,3393.233324796104,0.836390255,20,27
0.47000861271325883,3350.945197130416,0.8383895491488763,20,27
0.47367660435829384,3297.947567471627,0.8417831425690359,20,27
0.47456070171901743,3335.3694793721806,0.8410700012744412,20,27
0.4744864206554399,3355.862166868041,0.8380579993721511,21,27
0.4743549866421802,3385.862767253033,0.8363493579148346,21,27
0.467955016,3286.075880680873,0.8423893671092997,21,27
0.47464331608382304,3313.584082822742,0.841893962,21,27
0.47210778515829604,3401.453461129477,0.8348944713577436,21,27
0.4704779771560874,3393.4177901862436,0.8361826819792082,22,27
0.4721818314222198,3382.645867589699,0.8367839655994913,22,27
0.47259681977507256,3340.672246377335,0.8386741286064294,22,27
0.4733096263994835,3276.1019898518202,0.8444386491317695,22,27
0.46779312372579307,3388.102853665292,0.8337736119065052,22,27
0.47289856719396556,3334.856819875603,0.8401477794570483,23,27
0.46607687633492584,3331.7313635361156,0.8388747291749681,23,27
0.4727846076650764,3329.975799852789,0.8398227822446801,23,27
0.473938111,3397.3982559029014,0.8347854741457824,23,27
0.4782321831714567,3422.5229877469696,0.8328392928189736,23,27
0.48068046536382547,3378.6947952808555,0.8359440209200442,24,27
0.47642821636731714,3414.6556434459185,0.8309384312101573,24,27
0.47768748886975987,3402.3273589186556,0.8342069110430705,24,27
0.47555168909009365,3334.758352856594,0.8407920505132206,24,27
0.4752850203614668,3383.4860714842907,0.8350565745775022,24,27
0.47355373620153307,3396.6852335010663,0.8339459732697891,25,27
0.4797300435960654,3340.259087839695,0.8382576016304616,25,27
0.47114542729221054,3353.0659439339797,0.8376525793869635,25,27
0.47262200550720596,3439.361108074575,0.8323712856576312,25,27
0.47644382008655006,3382.4893028490137,0.835010845,25,27
0.477925878,3393.653628538515,0.8348041269234876,26,27
0.48382631904626894,3405.3523974304508,0.8347570613048825,26,27
0.4667194634389021,3382.0316297386526,0.8348736288025267,26,27
0.4741343974477739,3399.905880514433,0.8341572815740514,26,27
0.47268696391285875,3377.011782759452,0.8341576998058637,26,27
0.4725415255919408,3262.6619188295977,0.844805489,27,27
0.4810519271536134,3467.591141582362,0.8296268197248156,27,27
0.47658236915503155,3425.799252182902,0.8310968128721596,27,27
0.47705361786780304,3435.560233,0.8301612849114164,27,27
0.4768425809190063,3425.0790099025817,0.831166141,27,27
0.47187985954020173,3463.558218579665,0.8289165691819721,28,27
0.4786393208584294,3329.421501765681,0.83891305,28,27
0.4801486624254045,3471.57401,0.8282779957496562,28,27
0.4742720257309326,3432.904436956124,0.8322473260021983,28,27
0.4752258247184583,3366.0581834371574,0.8340185435842973,28,27
0.4830005357940135,3407.2619358698876,0.8328709077708627,29,27
0.47435282883429364,3371.991451646412,0.833594438,29,27
0.48434976007694464,3480.071224892916,0.8260474321361159,29,27
0.47684790883777617,3447.702132871991,0.8301207805473518,29,27
0.47417410913461466,3415.6276327535375,0.83391374,29,27
0.4806496621799123,3446.7516524892676,0.8291346436587311,30,27
0.4780941807039813,3345.9652130727172,0.8371608109000304,30,27
0.48393468510220267,3455.415394,0.8281790154039413,30,27
0.47870018885594845,3451.253304,0.8299180513386126,30,27
0.4790805710604336,3488.940050498141,0.8256661854781294,30,27
0.439182968,2995.477178755339,0.8698424076016286,5,28
0.43351759182606037,3006.729749399173,0.8710923677490617,5,28
0.4453060695609376,3010.807744,0.8682458621347785,5,28
0.4375470288143196,3030.393138622066,0.8691074626347595,5,28
0.43827138025374857,2989.2994444201872,0.8716007787063891,5,28
0.4422221251615899,3048.2007342856823,0.8652756806574176,6,28
0.44255641631730935,3017.9746727097913,0.8681121959790553,6,28
0.44403631370802493,3092.410517086074,0.8632513220508403,6,28
0.44851545237823615,3077.094769001713,0.864843893,6,28
0.4387458575166215,3009.775768598512,0.8698729753131103,6,28
0.4523231437028568,3141.774292799574,0.8585941940242456,7,28
0.4409981320345758,3113.392121,0.8626560694534172,7,28
0.44621675378579834,3059.4978616334056,0.8646430591776394,7,28
0.44909107385272495,3041.0197222638885,0.866188758,7,28
0.44821514324284384,3089.0832651709175,0.861667039,7,28
0.4455923532664793,3068.2350220642566,0.8651667026013051,8,28
0.44508414630931054,3116.7330582570194,0.8607024684427748,8,28
0.4459159486431921,3051.2259567297033,0.8641235601744031,8,28
0.44669108404831415,3160.4775465946127,0.8574379456464793,8,28
0.44481018554175056,3145.264861375844,0.857632188,8,28
0.45021474780179244,3124.7755908243607,0.8602724111968383,9,28
0.45217070582299895,3183.9285251824917,0.8552356378337915,9,28
0.45008499993344775,3122.5157698268927,0.859109596,9,28
0.44814301234108395,3198.580903699834,0.8542770898521946,9,28
0.44962741329577566,3085.0836152305938,0.8606688947013307,9,28
0.4542806455253994,3179.1827561734854,0.8547792064331894,10,28
0.4558732426918382,3045.4222225281396,0.8637393345944839,10,28
0.46042683060863004,3196.899435338982,0.8536844258760761,10,28
0.4531339628382512,3194.570802948555,0.854514047,10,28
0.4535993806509658,3201.5292877323277,0.8535096806922504,10,28
0.45221136592264477,3220.2467876848227,0.8522603550190291,11,28
0.45316610093004195,3176.3752521405713,0.8540195486813698,11,28
0.4569158259880308,3210.7981096604335,0.8540242590748738,11,28
0.45607061291050305,3172.214726182464,0.8536880392803398,11,28
0.45844769438946087,3166.6916954850903,0.8545071216508263,11,28
0.45631164633878685,3168.8449090725003,0.8551153024528436,12,28
0.4580798214382759,3218.055716031282,0.8515292496497602,12,28
0.45409524007916713,3184.989631531713,0.8532054064111521,12,28
0.45475943867281843,3246.369711469516,0.8500180113670277,12,28
0.4601715928934702,3241.7175649156375,0.848134773,12,28
0.45559066036797724,3281.6685970548383,0.845951346,13,28
0.46034766955963846,3180.755921565928,0.8542006422060109,13,28
0.4572939619527436,3207.9482745011574,0.8514264103829988,13,28
0.458983965,3196.123176416945,0.8528948471299918,13,28
0.4482279335043004,3233.6050080742675,0.8498186251756066,13,28
0.4617588551859485,3273.5000307018227,0.8452948704932721,14,28
0.4653047560975315,3309.5498723961937,0.8442568630541476,14,28
0.4569721390684113,3256.704057916893,0.8486888428750762,14,28
0.459632903,3168.553889949903,0.8545914226245395,14,28
0.4606462409007673,3272.2359847937937,0.8445823935685279,14,28
0.46208607280144387,3320.8722682532916,0.842511151,15,28
0.4569016373438482,3239.0628498098804,0.8490044000402792,15,28
0.4684441864134856,3306.938044948213,0.8448461983292692,15,28
0.4629870441496231,3240.4699817778123,0.8490596194665425,15,28
0.4566810326981972,3206.9506706278617,0.8489100175110155,15,28
0.4587499790446222,3277.999685234149,0.8453559327201874,16,28
0.46590417875890133,3293.9669471542143,0.844906584,16,28
0.4617594240210218,3287.962232255855,0.8447054333957227,16,28
0.4648972595448879,3276.399473378077,0.8458084616720313,16,28
0.4578334718990376,3268.389469864841,0.8450770367487106,16,28
0.4663267891955545,3349.557923778502,0.839363704,17,28
0.4716464567735917,3269.7632586060945,0.8471798856622168,17,28
0.4703743374396172,3359.9838358804236,0.8396194069929425,17,28
0.46428716104918144,3259.9356039048976,0.8461318856472788,17,28
0.4665025521191903,3232.198804795116,0.8471877222904204,17,28
0.468354974,3292.9457079082126,0.8447614927450028,18,28
0.46251802866648334,3293.324190687021,0.845033353,18,28
0.4662085634188087,3337.685197193931,0.8398621742507446,18,28
0.4678187975058875,3307.304266086848,0.8411473,18,28
0.4676245357892743,3321.992213394532,0.8409075675615495,18,28
0.46919367084056557,3378.405587574894,0.836249785,19,28
0.46569889147521654,3328.321813877653,0.8415473958536084,19,28
0.4664722686552978,3332.8637516080657,0.8410591901153266,19,28
0.47208018207323055,3334.239005307863,0.8403096228362498,19,28
0.46968871141514335,3241.2435507990085,0.8466608860595729,19,28
0.46483060721245417,3339.749071663872,0.8399480846881429,20,28
0.47103606952667604,3385.608400286443,0.8365250135637433,20,28
0.4714691129544069,3309.2866606209027,0.8430603070927443,20,28
0.46763314050058635,3358.6629087261117,0.8393636508843761,20,28
0.4758421105771962,3245.215163886141,0.8447045437647882,20,28
0.4680387489208401,3342.866343901015,0.8393324637075169,21,28
0.47176957029499844,3260.592397341844,0.8454358410777408,21,28
0.472346553,3384.284783807134,0.8375246506463301,21,28
0.4692056782481906,3418.3445356217126,0.834738119,21,28
0.4758968470409008,3321.1211498322346,0.8380174222130043,21,28
0.4704845323308969,3332.0371563497088,0.8387361349570769,22,28
0.47193116316700806,3339.9875912526836,0.841114583,22,28
0.46753778158186954,3369.588985490885,0.8383063466139213,22,28
0.46913437857915546,3342.058042511979,0.8399652013141944,22,28
0.4762879934268421,3359.597939007878,0.8353683778901644,22,28
0.46912774339023683,3403.1822599399025,0.8342070211033592,23,28
0.4764106838024399,3395.871136988769,0.8357630428567197,23,28
0.4771112594320029,3352.3029772154896,0.8376673647124829,23,28
0.47275944086954474,3306.214202,0.8405799880637831,23,28
0.4707340337047955,3385.9830162047283,0.8356609792567602,23,28
0.46837651440038874,3257.3291629453925,0.8458251141428873,24,28
0.4723523481192872,3444.4072418539336,0.8307591457103173,24,28
0.47313972347087485,3369.4538005651066,0.836244008,24,28
0.4764921627593963,3383.797283681575,0.8351339675299467,24,28
0.4767245761421744,3422.074138096358,0.8325376258714778,24,28
0.4784357653100048,3387.671171251938,0.835209687,25,28
0.4748589645658245,3346.9708974170226,0.8393291787539608,25,28
0.4738221854160265,3433.6452007291773,0.8318671700453368,25,28
0.4693994654721667,3381.5327074353445,0.8356799546879341,25,28
0.47475566111592166,3373.8236841986536,0.8339640925413951,25,28
0.47880720430920576,3348.984265978725,0.8377847715652644,26,28
0.4705904337445099,3394.262372481154,0.8348663584841945,26,28
0.47412641372749287,3432.1860997938593,0.8314573203819697,26,28
0.4801241650792183,3452.119991154208,0.8302735603893192,26,28
0.4698076735060432,3353.924071118933,0.8360556987116634,26,28
0.4767257720938891,3456.092944904728,0.8292418690826602,27,28
0.477436398,3446.0936131725575,0.8306446375335268,27,28
0.4724771199834368,3413.5071900413923,0.8327145100961727,27,28
0.48116040780469227,3307.7908305957726,0.8403567099182658,27,28
0.48188100137034323,3426.8577236191595,0.8307093593533796,27,28
0.4720440366061366,3323.3596008266763,0.8393566742762937,28,28
0.47765888428331293,3458.5143584946577,0.8288650722133408,28,28
0.48095588894654934,3415.2342963337487,0.8324420997953859,28,28
0.4771560719341718,3459.9416980901756,0.8280262386913505,28,28
0.47662849119042466,3397.0118828266336,0.8345859998392765,28,28
0.477949593,3403.6323225471224,0.833769448,29,28
0.4730909921174533,3380.3388504402765,0.8364852363016952,29,28
0.47967269115590483,3462.629836468339,0.8290100105803235,29,28
0.47973381973387963,3477.4456796579775,0.8270859436408712,29,28
0.4731849325581723,3359.154796410697,0.8340652214038334,29,28
0.47888858140891544,3437.422454721925,0.829594678,30,28
0.47526141255307475,3472.484833586248,0.8293492090404242,30,28
0.47064662284910314,3399.2723004692816,0.8338081569374884,30,28
0.4807698508239258,3464.1842883497206,0.8293759788817159,30,28
0.47448525361549665,3338.9303161853577,0.8354864236515687,30,28
0.43918303425541105,2973.294869814749,0.8720766884111578,5,29
0.43896795035147934,2994.117409030313,0.8711778497804616,5,29
0.4402479036564862,3012.548768695791,0.8697789616458198,5,29
0.4376285820332772,3044.9228196706795,0.8673617744650366,5,29
0.4383024742484511,3009.903330297227,0.8693441546508031,5,29
0.4475533608587491,3101.9691537481717,0.8615493467961028,6,29
0.44340064450128064,3020.2436736971576,0.8695231523231807,6,29
0.4382809019586149,3010.9805709750167,0.8696222607142947,6,29
0.43807162741956907,3077.9228030330373,0.8658615646337804,6,29
0.4404402794962464,3002.3859171438958,0.8675374017808608,6,29
0.4392618317580219,3084.8161573520997,0.8637761832345365,7,29
0.4516970873783066,3144.775946657128,0.8587580974524075,7,29
0.44931224180740553,3116.672492058889,0.8601976305140148,7,29
0.44644334634565597,3063.1195164842875,0.8653539449865378,7,29
0.4435190268937365,3026.3182809694435,0.866471582,7,29
0.45154724354074516,3195.8100697240197,0.854878827,8,29
0.443705628,3001.8071040055274,0.8687101349114014,8,29
0.44536122742358564,3143.1116740873667,0.8593317175207251,8,29
0.44405569667635164,3135.305960088072,0.8599455768168223,8,29
0.4491076258973471,3077.327359766976,0.861140466,8,29
0.4475597655761081,3066.5278758935283,0.8635455406172776,9,29
0.45120316957871565,3136.538209705778,0.8586045180268277,9,29
0.44768179969042715,3179.329012,0.8560898999633286,9,29
0.44778086475478324,3173.846566658364,0.8562206289987188,9,29
0.44869713474537354,3121.8679149938334,0.858417139,9,29
0.4602417292579401,3138.183091343381,0.8573812706923971,10,29
0.4540920763109471,3146.179529830233,0.8576694781176861,10,29
0.45274703309580044,3204.8359106791218,0.8528466252579795,10,29
0.45011383172088243,3202.3958406229276,0.8544398074809456,10,29
0.4437749995100593,3147.6482337460156,0.8559431856834597,10,29
0.44932484992781585,3144.4301821242434,0.8568796667805623,11,29
0.4481698056961749,3217.810851773129,0.8525132180006516,11,29
0.45482319216485273,3202.7783595806604,0.8521707563173091,11,29
0.4518162738065036,3208.804462827134,0.8511542030159038,11,29
0.45866676571712717,3150.4466701753977,0.8577531808174456,11,29
0.45941211544199584,3259.712423891785,0.848532511,12,29
0.45318522187973076,3240.070344512907,0.850039436,12,29
0.4552217212263008,3254.325081981818,0.8486961736348438,12,29
0.4577455885930464,3144.8407933576987,0.8570731739308373,12,29
0.4567398548971695,3163.9751105247974,0.853387704,12,29
0.4578008436287634,3267.7706413053043,0.8477555885494368,13,29
0.4615485676701616,3155.953691476576,0.856818512,13,29
0.4617994131642057,3278.7483002467184,0.8450954180366365,13,29
0.4586427705254298,3284.548958780281,0.8466209475451293,13,29
0.45879249614505296,3161.950374818169,0.8533824850721812,13,29
0.46426375467073433,3271.650334,0.846195395,14,29
0.45646692492127583,3242.1530319388767,0.8492957035560488,14,29
0.4623527929878157,3209.5134151620164,0.8505259839037943,14,29
0.46192338632353136,3284.7184463048866,0.8466061395469433,14,29
0.4614600394001655,3253.732023224437,0.8466404119379654,14,29
0.4598284031537086,3228.899250662868,0.8486335269586374,15,29
0.4657137942541992,3338.7556148856675,0.8422139301326929,15,29
0.46313040119777493,3192.541137216005,0.8516781623745503,15,29
0.466286882,3302.1827063992723,0.8445781777033211,15,29
0.4643952401191101,3289.303866367189,0.8437005684711052,15,29
0.4624409780974308,3313.2471168376787,0.843081127,16,29
0.46433632496314886,3288.3549731969274,0.8448420699690268,16,29
0.46103558866376904,3200.1778784853623,0.8512731784480237,16,29
0.4613539636160989,3257.8244880531565,0.8472915151441748,16,29
0.4657497027677809,3306.194031794035,0.8429936356647818,16,29
0.46680090303847527,3221.478146708733,0.849031308,17,29
0.4734695221073145,3343.681863205129,0.8411381277521436,17,29
0.4660321861561231,3288.977914746162,0.8432656203513245,17,29
0.47261560913763284,3301.993531996026,0.8434163111640349,17,29
0.4602615805412041,3293.711736798675,0.844713288,17,29
0.4740954445300577,3249.9610365639137,0.8468805468532095,18,29
0.46079767488611306,3251.9759963670294,0.8468868545217284,18,29
0.4678866659144846,3347.3231447407948,0.8405403895651113,18,29
0.4694429144892525,3334.367658,0.8408984435989812,18,29
0.45754026688969895,3319.484482345081,0.8413025989044833,18,29
0.469265284,3233.7828619995153,0.847152674,19,29
0.46598801188471445,3371.578532804437,0.8375134985874731,19,29
0.4663257151344475,3309.606661463319,0.8419741604515297,19,29
0.47665544245153835,3348.3642569340727,0.8396103543862532,19,29
0.4572451213401719,3325.242808075196,0.8421177763902694,19,29
0.4644051027034867,3277.101002510155,0.8435152913605848,20,29
0.47557808330273027,3294.7242281713075,0.8426658646821131,20,29
0.47045038371117276,3347.2325929624276,0.8395724606419485,20,29
0.4754436347738363,3404.0024133051825,0.835986903,20,29
0.4683773847119651,3370.0246551650303,0.8366321743211924,20,29
0.474198002,3370.749218767788,0.8370112799109071,21,29
0.48128919602064496,3341.5079071190307,0.8397432983703282,21,29
0.4705777847826164,3306.9626163149496,0.8429193739173456,21,29
0.47687430716314666,3410.0424407263863,0.8328190130794996,21,29
0.46793021502301463,3330.8541798795886,0.839372717,21,29
0.4756475289615221,3327.720916496311,0.8393176101173704,22,29
0.46750025525872957,3268.8358865345654,0.8449248609461113,22,29
0.46820683643659705,3404.569002744312,0.8352745386346562,22,29
0.46939673241585156,3362.5189920809635,0.8377814533035259,22,29
0.4677647663792016,3397.0668051603043,0.8345376047313963,22,29
0.469260577,3382.047403113387,0.8370446456514444,23,29
0.4716456134481443,3385.525012463662,0.834686939,23,29
0.47675377300842775,3311.163558462392,0.8413912795309171,23,29
0.47407461211017765,3364.1460226047907,0.8372379287739151,23,29
0.46836133416052084,3380.7276163160236,0.8354136751207224,23,29
0.4711926604672097,3385.6030869018723,0.834928476,24,29
0.4788800648887017,3422.1274175414856,0.8332701082697656,24,29
0.47715523778043145,3246.629338,0.8452748005377302,24,29
0.4700976201888735,3431.865182366401,0.8321973531366992,24,29
0.4782885841526811,3389.416965985212,0.8350270290003647,24,29
0.4811274672049971,3443.197539543529,0.8314576114877812,25,29
0.47742850495272765,3364.1623800508846,0.8362564527509087,25,29
0.4718120966968859,3334.5077572802847,0.8391070253958616,25,29
0.4738013892722885,3384.265738354977,0.8336208118911663,25,29
0.47774987317483075,3436.7646514684807,0.8318072860536025,25,29
0.4732714556807158,3430.5879340595834,0.83161383,26,29
0.4767952349863588,3391.521034469941,0.8354576024947582,26,29
0.4707677202760218,3395.182386860635,0.8335602669497163,26,29
0.4754743241131078,3399.691364007972,0.8338076195301645,26,29
0.4725536877742984,3355.214817272646,0.8369172380746323,26,29
0.47677837,3366.655027865505,0.8358416147995836,27,29
0.4737793141542234,3387.4159884647693,0.8349794042870133,27,29
0.47215776009970295,3451.815095,0.8304193491360796,27,29
0.4718327624824607,3440.3340071967627,0.8311281169689533,27,29
0.4694443750687224,3358.7593030618523,0.8357872514871219,27,29
0.47377395542325806,3309.525754808408,0.8407042161277511,28,29
0.47825037397091724,3468.135869145183,0.8281725412608826,28,29
0.4776468985695332,3388.417025548384,0.8340392532971664,28,29
0.4782228703887503,3469.0575802014664,0.8298618992982016,28,29
0.4800408992718641,3422.5893494513502,0.8301137263278853,28,29
0.47388180290809523,3442.4772895032543,0.8298577776403272,29,29
0.4760180191777579,3386.4516498595317,0.8334251313278258,29,29
0.47942790875546476,3462.9363242698405,0.8282489151678043,29,29
0.4834583809779938,3493.080007239217,0.8274140829975842,29,29
0.47849150330945206,3325.4309304625613,0.8388224961820702,29,29
0.4792658233147114,3388.6195101510184,0.8338229759248714,30,29
0.4804892564439759,3412.9608380334116,0.8315640976062301,30,29
0.4780994101814486,3446.259641047845,0.8291064800899586,30,29
0.4763377588084267,3427.8762041559266,0.8311510526020129,30,29
0.4757852628403721,3472.8571770225963,0.8284053700774809,30,29
0.4397101427424885,3027.2236896922354,0.8676803934210404,5,30
0.4380009996435931,3030.020846955781,0.8694387086751634,5,30
0.4417562063237991,2968.335114164458,0.8724050495148057,5,30
0.4463914479457809,3029.008393132174,0.8691195000291101,5,30
0.4408986100342517,2979.282439,0.8711650980452884,5,30
0.4440527552602231,3050.636882350441,0.8661778203209844,6,30
0.4392271310252836,3078.241943323415,0.8655455695631074,6,30
0.43597234854844963,3057.3599543488904,0.865195385,6,30
0.44070032214302046,3017.4525671002384,0.8693051900956283,6,30
0.4389280872470643,2989.7212531828045,0.8697118204370847,6,30
0.4378330745422442,3089.9969654022884,0.8639485401784628,7,30
0.4503015691249001,3108.5533056533586,0.8612108229918748,7,30
0.447041017,3085.5170145394345,0.8632949441162135,7,30
0.44668206867972476,3153.4450274901797,0.8586970370861371,7,30
0.4462342839673147,2985.800338034305,0.8685259111136892,7,30
0.44496634936540347,3141.792217248918,0.8599083813859585,8,30
0.44556179482923136,3059.8653512359388,0.863992835,8,30
0.45299642152296515,3158.1164907411207,0.8573768159328236,8,30
0.44494401923250015,3130.027197279501,0.8598454896432015,8,30
0.4516482597202262,3077.2835445760193,0.8617501652139073,8,30
0.4506390202032428,3187.0761368744156,0.8556205285920979,9,30
0.4461805027421843,3137.5929706078073,0.8576476799352123,9,30
0.44998024949686966,3079.1259981198255,0.8632102619150595,9,30
0.45133481401988784,3184.5689856629056,0.8552073997035943,9,30
0.4515573282174455,3103.659758364726,0.8599271769192057,9,30
0.45621105981086557,3178.7912794562008,0.8535174767063723,10,30
0.45028380731274065,3157.8380497303992,0.8569354565247452,10,30
0.4601092783000495,3150.6804334778476,0.8582529612595909,10,30
0.4493765934192772,3157.885247236913,0.8563965852767171,10,30
0.454160539,3228.4870922328028,0.8499627930726376,10,30
0.45829753335635376,3217.26227,0.850741828,11,30
0.45138428161069716,3216.248859,0.8524939426974704,11,30
0.4565900240787842,3236.080498503847,0.8509999673737086,11,30
0.45362902217824247,3142.7655949754344,0.857371824,11,30
0.4517203498437036,3135.576682291663,0.8567206979285955,11,30
0.4642615865845365,3240.984453174156,0.8490527116727574,12,30
0.45957228606380873,3203.8022098257657,0.8524903637548876,12,30
0.4563179435342587,3138.8204796603654,0.8570121070666077,12,30
0.4566606828503227,3250.0219359511552,0.8492214457118614,12,30
0.4605738422201384,3231.404358255629,0.8497582251601787,12,30
0.4589353385842167,3228.522814720377,0.8492788742503062,13,30
0.45928393998754186,3213.373543310704,0.8502256047358016,13,30
0.45910881951230775,3210.2114934782294,0.8518369357553379,13,30
0.4623328779865162,3246.004642641755,0.8489038716772257,13,30
0.45489439184921915,3262.3981724774594,0.8484778437548142,13,30
0.4619011593768234,3296.1096742123123,0.8451785994662264,14,30
0.46310769910844185,3310.948834861925,0.844569583,14,30
0.4597807596393923,3299.127066681681,0.843630816,14,30
0.4585162920132504,3158.9878964330437,0.8546973951819461,14,30
0.4638032277051666,3201.102259003306,0.8507183857480634,14,30
0.46417562596699413,3283.3939953310864,0.8448400128564123,15,30
0.46231184657942087,3312.6522558516845,0.8431265209409594,15,30
0.47194454823508464,3331.900958757457,0.8415874333750332,15,30
0.4633378630885935,3132.634629013786,0.8568878634910054,15,30
0.4676961722625057,3299.6933073488476,0.8434399628590469,15,30
0.46604043746405593,3289.7578183528003,0.8443698553442327,16,30
0.46294994606157375,3271.5051651263175,0.8463848969875041,16,30
0.4693527357454284,3326.2978120919943,0.8414384651171674,16,30
0.4592912403371933,3245.2597322461756,0.8491333738307643,16,30
0.46182683928362794,3279.1071269918325,0.843778022,16,30
0.4647163093907923,3269.0050929550753,0.8462416529795254,17,30
0.46678103696304873,3358.9233032977218,0.840103989,17,30
0.46864878260991777,3246.600157,0.8466383448459227,17,30
0.4681024161176114,3313.497728092862,0.8430108338144229,17,30
0.4618061053117136,3311.0783596959186,0.8408868813419117,17,30
0.46723092935481514,3285.438149130531,0.8452409637872106,18,30
0.4743562772589616,3300.0226941343844,0.8428159561444453,18,30
0.4677697168302654,3343.168327532389,0.8395685659568886,18,30
0.4648211100712377,3351.9737392224733,0.8402034931816122,18,30
0.4712852453615324,3277.4342120829897,0.8434583906996999,18,30
0.4661400123052052,3282.5393241620673,0.8445578024466617,19,30
0.4729463533018669,3294.6243019917283,0.8438486528654371,19,30
0.4668441507937073,3315.2394658452013,0.8406324239141267,19,30
0.462669651,3358.4342959398673,0.8392225151928119,19,30
0.4699926288688073,3373.837806,0.8366359046316455,19,30
0.4705437028109098,3379.4667313809487,0.8364013196970561,20,30
0.46968465472568593,3318.9568871979204,0.8400098787978123,20,30
0.46846460720089744,3278.628191843753,0.8439009922822934,20,30
0.46658858731820224,3341.7238215607554,0.8415399365652813,20,30
0.47051291927229466,3338.438692260568,0.839941326,20,30
0.4768579092351381,3375.915196224069,0.8358653994069236,21,30
0.469078165,3359.119188634413,0.8382422704848119,21,30
0.4763295030079895,3365.982319649969,0.838382982,21,30
0.4748586200503928,3306.7725427703676,0.8416103748933192,21,30
0.4722674147413608,3341.1150027023514,0.8389112980079315,21,30
0.47096226100606464,3308.873391551266,0.8422255795491833,22,30
0.47180557037945364,3340.8103262894224,0.8407259705540419,22,30
0.4746409425738819,3412.1261115477914,0.833969116,22,30
0.46893842039561984,3397.3749516565886,0.8357436829657205,22,30
0.46036118304138696,3308.3274716735277,0.8384915738532409,22,30
0.4684961515385194,3401.542238157009,0.8352320762722136,23,30
0.4718858671536314,3339.470885390992,0.8377562217445865,23,30
0.46964321015650623,3349.242807319725,0.8377795022316651,23,30
0.4679280735957816,3385.8370121957637,0.8359485120792584,23,30
0.4733075930798514,3370.268537,0.8368987047752519,23,30
0.4745111760971998,3408.104552,0.8331123591570773,24,30
0.47253379443639637,3366.2409839082966,0.8380522,24,30
0.4749971471076436,3318.0326447958123,0.8390530589578484,24,30
0.47053244003469014,3402.191611788866,0.834812182,24,30
0.4746480341894815,3377.6639001989793,0.8360510036145251,24,30
0.46659307688555113,3330.7657403847993,0.8386366729724263,25,30
0.4760924417177418,3375.3502148380608,0.8347300598036872,25,30
0.48029508282333616,3414.360315859455,0.8331070085578544,25,30
0.4698511883494014,3408.1457924743936,0.8347766865145336,25,30
0.4726798453489293,3397.619515718151,0.8345862620696903,25,30
0.4730400733786041,3420.319890873032,0.8321090776525849,26,30
0.47638934613840295,3372.261732028572,0.8355842116443513,26,30
0.47599909241611194,3435.660409868971,0.8322559723254216,26,30
0.4683974642488967,3357.110691577828,0.8386340836961084,26,30
0.4799205195395236,3371.7574868843053,0.8342038274386623,26,30
0.47635776419914094,3361.767220788964,0.8366754571693038,27,30
0.4766697200294334,3425.458823931617,0.8317590207050736,27,30
0.4718173066385539,3398.8405742246637,0.835603265,27,30
0.47107395260337803,3394.047940554916,0.8327869397843704,27,30
0.4765666408376638,3441.958431286952,0.829610442,27,30
0.4761273623320379,3486.293604758571,0.8286572839540911,28,30
0.4805563744771462,3374.1339908816713,0.8347353814170153,28,30
0.4806909923928791,3421.3051010924996,0.8318375142000838,28,30
0.47030711173742734,3339.5616497554165,0.8386849932942131,28,30
0.48243525071503135,3430.9719894075342,0.8295464035843892,28,30
0.4800844200659864,3457.886051135575,0.8284084487766349,29,30
0.4776723455787795,3464.7277025275403,0.8288190185565523,29,30
0.46832283306835215,3369.790111808995,0.8350371015571094,29,30
0.4829370266188435,3501.7882633562913,0.825571497,29,30
0.4697596930588822,3296.430503183938,0.8417855096484883,29,30
0.47794783026031284,3478.7780233082412,0.8278576562486168,30,30
0.47541202646169634,3412.713593305421,0.8319390168858309,30,30
0.47444235446501126,3476.519941,0.8269337897661463,30,30
0.47776067404814204,3404.260010592644,0.8331332021725093,30,30
0.480303764,3397.460818837616,0.8320881458127537,30,30