"mean absolute percentage error","root mean squared error","R^2","iteration","mini child node size","tree depth"
0.44812963849665693,2984.62859056386,0.8719133266904702,0,5,18
0.4453345741639325,3021.5669381818743,0.8680897072511818,0,5,18
0.44904847746194343,3014.613561554862,0.8691896695079453,0,5,18
0.45051829548087013,3032.123635624653,0.8685573446934163,0,5,18
0.4495520921007931,3041.4465459032767,0.8668075719589723,0,5,18
0.4463484715947423,3058.2046308681483,0.8668693715990816,1,5,19
0.4475487665867896,2987.9245313232154,0.871105357274938,1,5,19
0.4525316342456529,3007.230678016186,0.8706012938084834,1,5,19
0.4460586883305701,3035.853482106322,0.868090407278018,1,5,19
0.4460809143950215,2966.5806506024496,0.8712585813124856,1,5,19
0.43830863578266743,2885.708748794527,0.8771032722856876,2,5,20
0.44744012676260025,3062.6416785501942,0.8659787480361368,2,5,20
0.43888406767457333,2997.173091459573,0.870747926556946,2,5,20
0.4480050072932666,3048.989227449074,0.8680077828446457,2,5,20
0.439157018763843,3046.534731626085,0.8673140943127811,2,5,20
0.44545378168585636,3033.22393003525,0.8677255502538685,3,5,21
0.4393116375696214,3065.0082367237014,0.8666909981975407,3,5,21
0.43762657896683066,2968.6264155440176,0.8724768572114907,3,5,21
0.439595081565484,3016.0835206716306,0.868980305507887,3,5,21
0.4344537160377899,2920.41559829784,0.8765119055373399,3,5,21
0.4359735608946465,3047.950843121362,0.8668350035159331,4,5,22
0.43761458889067417,2914.5472560811945,0.8764906862754245,4,5,22
0.4384682526744128,3018.74601567054,0.8686885313832873,4,5,22
0.4385796119669383,3043.7261789834315,0.868473707189959,4,5,22
0.4391980127677218,2995.2089251537705,0.8704584364423059,4,5,22
0.43875951383259904,2995.7536223804145,0.8713619655081314,5,5,23
0.4399832124577148,3041.5964887695122,0.8691379282457079,5,5,23
0.4449310260513953,3039.8384698789255,0.8679933306234702,5,5,23
0.449382602949339,3054.3962347620622,0.8660456387646467,5,5,23
0.44218092138656034,2930.6373657831305,0.8727993829658546,5,5,23
0.4379249889275223,3029.914455764728,0.8682915039246044,6,5,24
0.4416261409475049,2972.958230988589,0.8728613006259327,6,5,24
0.43676399286926637,3005.9183477413785,0.8699948042856165,6,5,24
0.4365671874730745,3035.7409612321826,0.8690526380229574,6,5,24
0.4392651004730575,2977.3426299627477,0.8706442669635968,6,5,24
0.44329511925754395,3022.217427169828,0.8688578638099942,7,5,25
0.43684101514169493,2997.939336191362,0.8703684284727566,7,5,25
0.4468957139573267,2970.3487003262985,0.8715079226503373,7,5,25
0.4432494526096441,3029.796777261438,0.8695748213324519,7,5,25
0.4383747767583274,3031.9130163567543,0.8679182277353479,7,5,25
0.4435704657213558,3010.1861108601893,0.8696295456645057,8,5,26
0.4411881439122491,2993.2596541694215,0.8708460870061645,8,5,26
0.43702744517117637,3006.1381398854705,0.8704508381465947,8,5,26
0.44499122832859983,3057.608606803124,0.8653921155283246,8,5,26
0.44366638876937176,3002.6572327562817,0.8703601330071774,8,5,26
0.4410231993084217,3070.6539193419703,0.8653367691537905,9,5,27
0.4350689918390962,3006.975344322888,0.8700972821060109,9,5,27
0.4452326484764354,3037.1245911277124,0.8671592562178864,9,5,27
0.4458948385344531,2956.9778786053903,0.8741929105974873,9,5,27
0.43909793220245363,2978.7143867657487,0.8715319949084334,9,5,27
0.439182967525963,2995.477178755339,0.8698424076016286,10,5,28
0.43351759182606037,3006.729749399173,0.8710923677490617,10,5,28
0.4453060695609376,3010.8077436428,0.8682458621347785,10,5,28
0.4375470288143196,3030.393138622066,0.8691074626347595,10,5,28
0.43827138025374857,2989.2994444201872,0.8716007787063891,10,5,28
0.43918303425541105,2973.294869814749,0.8720766884111578,11,5,29
0.43896795035147934,2994.117409030313,0.8711778497804616,11,5,29
0.4402479036564862,3012.548768695791,0.8697789616458198,11,5,29
0.4376285820332772,3044.9228196706795,0.8673617744650366,11,5,29
0.4383024742484511,3009.903330297227,0.8693441546508031,11,5,29
0.4397101427424885,3027.2236896922354,0.8676803934210404,12,5,30
0.4380009996435931,3030.020846955781,0.8694387086751634,12,5,30
0.4417562063237991,2968.335114164458,0.8724050495148057,12,5,30
0.4463914479457809,3029.008393132174,0.8691195000291101,12,5,30
0.4408986100342517,2979.28243879754,0.8711650980452884,12,5,30
0.4530478343178096,3062.3786029275266,0.8658555327877029,13,6,18
0.4542475821880076,3096.9723919439134,0.8627009963237047,13,6,18
0.45526053959573687,3064.7294461593324,0.8643454367093449,13,6,18
0.4452525756901732,2983.451041699181,0.8706160863742282,13,6,18
0.4463725076080438,3048.745634974637,0.8668920746219672,13,6,18
0.4464053461881243,3047.7308024533736,0.8664421073052118,14,6,19
0.4504606952860001,3037.0794311058653,0.8645826950436291,14,6,19
0.45087804891131095,3064.69261737428,0.8660182740258505,14,6,19
0.4432478157925848,3091.934350155846,0.8642357805696063,14,6,19
0.4492883706123689,3046.290778041726,0.8663800120956655,14,6,19
0.4417423945195983,2941.682067612153,0.8740979782072258,15,6,20
0.445882262428483,3033.823893387932,0.8669204802273848,15,6,20
0.4477783554703417,3085.759070102607,0.8636893453965069,15,6,20
0.4420201025425301,3091.8211916745076,0.8637674803716575,15,6,20
0.44112051265139096,3101.203835298024,0.8620368768079947,15,6,20
0.4443899773861776,3058.0002558158417,0.8660710929532598,16,6,21
0.44117563647831765,3026.988035165908,0.86686628017118,16,6,21
0.44603150786189055,3089.063895392212,0.8635766100873444,16,6,21
0.4467524073088135,3058.7061633198273,0.8664040432517698,16,6,21
0.44765273895205,3073.6043001047624,0.8630976629075433,16,6,21
0.43891756020844164,3050.4625144068204,0.8670112358269054,17,6,22
0.4513346552607338,3055.4880152909086,0.8654163396777285,17,6,22
0.44172446190319864,3014.862871896351,0.8691948680804951,17,6,22
0.4444788487422427,3078.9425981541913,0.8641835688998742,17,6,22
0.4413903308861276,3046.3577454760716,0.865508403058159,17,6,22
0.4447712212328908,3094.8652315808954,0.8619119287975423,18,6,23
0.43862594852933817,3034.6518645137244,0.8678020069583645,18,6,23
0.44549689299074535,3091.37785000965,0.8640192329867254,18,6,23
0.4447941263047197,3025.3934193674745,0.86816315941806,18,6,23
0.43992938769263434,2987.8929101871786,0.8704274589005248,18,6,23
0.4376469338732151,3033.492501381423,0.868367860213948,19,6,24
0.4477950799703053,3073.4342152635018,0.8645159355634446,19,6,24
0.43991489331560774,2966.1306011987967,0.8723968731826665,19,6,24
0.4387111506002879,3063.0648016708165,0.866790770333669,19,6,24
0.441949300006485,3057.462278979566,0.8637702403966336,19,6,24
0.43975851017145406,3050.85514903782,0.8666118887902897,20,6,25
0.4431303927558097,3096.2223491128475,0.8635173423608672,20,6,25
0.44953711839338883,3050.4707376450338,0.8659302096440251,20,6,25
0.4455632656386044,3062.3474648335687,0.8653041464176223,20,6,25
0.43743239365274467,2999.8733840485233,0.8687743951573945,20,6,25
0.44192701397262574,3017.8327079809546,0.8683120365627608,21,6,26
0.44164196475474077,3081.4690842917803,0.8643849545391311,21,6,26
0.4357464488517668,3059.0469405621975,0.8653472200553236,21,6,26
0.439576461555768,2979.6819065017544,0.871270422521576,21,6,26
0.4455136845172737,3085.3932161359044,0.8639793163020415,21,6,26
0.44105152354487753,3013.917426059442,0.8680606852248566,22,6,27
0.4522809866280901,3115.7806503307866,0.8625449141594805,22,6,27
0.443009543162713,2973.4422113865226,0.8727942910280426,22,6,27
0.4414411760619354,3092.0863394290477,0.8638885755466306,22,6,27
0.4445669071826896,3063.8866077490716,0.8627605978858911,22,6,27
0.4422221251615899,3048.2007342856823,0.8652756806574176,23,6,28
0.44255641631730935,3017.9746727097913,0.8681121959790553,23,6,28
0.44403631370802493,3092.410517086074,0.8632513220508403,23,6,28
0.44851545237823615,3077.094769001713,0.864843893262125,23,6,28
0.4387458575166215,3009.775768598512,0.8698729753131103,23,6,28
0.4475533608587491,3101.9691537481717,0.8615493467961028,24,6,29
0.44340064450128064,3020.2436736971576,0.8695231523231807,24,6,29
0.4382809019586149,3010.9805709750167,0.8696222607142947,24,6,29
0.43807162741956907,3077.9228030330373,0.8658615646337804,24,6,29
0.4404402794962464,3002.3859171438958,0.8675374017808608,24,6,29
0.4440527552602231,3050.636882350441,0.8661778203209844,25,6,30
0.4392271310252836,3078.241943323415,0.8655455695631074,25,6,30
0.43597234854844963,3057.3599543488904,0.865195385425579,25,6,30
0.44070032214302046,3017.4525671002384,0.8693051900956283,25,6,30
0.4389280872470643,2989.7212531828045,0.8697118204370847,25,6,30
0.4465294805842071,3027.1490549038044,0.8675281351326651,26,7,18
0.4527728582371221,3134.62958863478,0.8602932129672998,26,7,18
0.4568283883513246,3112.5249286316225,0.861525026572207,26,7,18
0.45585033444691453,3064.1085554267333,0.8639607362489748,26,7,18
0.45648784926841723,3107.070931705862,0.8603878821146697,26,7,18
0.44970749883101563,3155.1496345524442,0.858092256889998,27,7,19
0.45458135963434226,3064.1998046168096,0.8645571465017948,27,7,19
0.4482386398160131,3092.4705083523513,0.8637546791730835,27,7,19
0.45269245726210017,3069.712009083186,0.8643487659703082,27,7,19
0.4427510807414479,3032.56464533196,0.8657369590072086,27,7,19
0.44725793524007135,3064.2956570781243,0.8640410724358347,28,7,20
0.44743353395073293,3129.6554723871836,0.858783257336873,28,7,20
0.44888337798898725,3062.0579552317517,0.8662341142695675,28,7,20
0.45496893405228644,3119.06225434214,0.8607635242303932,28,7,20
0.44953687051684466,3059.0209134990328,0.8648547156988722,28,7,20
0.44510179719192117,3031.071864807848,0.8664743919268504,29,7,21
0.45256898034929616,3066.583318163649,0.8638957287457705,29,7,21
0.44962870847132214,3136.59191401965,0.8588349546020819,29,7,21
0.4475120164350565,3091.5238970884257,0.8631297079337853,29,7,21
0.4480078595868119,3093.3925073517216,0.8637018386407722,29,7,21
0.4437210125190578,3110.1904256395783,0.862123139660636,30,7,22
0.4504345771958982,3152.5972359991274,0.8585881873206539,30,7,22
0.45077236696737527,3073.1112861783845,0.863626425155316,30,7,22
0.4469801539175551,3004.3825692539936,0.8672724929482811,30,7,22
0.44696913776964725,3126.350632796726,0.860230388030506,30,7,22
0.443987198569759,2999.9934170904644,0.867634137515394,31,7,23
0.448299675363542,3114.7195707338155,0.8618545920802377,31,7,23
0.45333968560062743,3126.082631425323,0.8607722508730232,31,7,23
0.44368777251150215,3132.2442110747106,0.860456597098157,31,7,23
0.4421551933259835,3046.636269072895,0.8653049994301225,31,7,23
0.44385173147826085,3095.0552006709013,0.8632462897065879,32,7,24
0.44624977553142525,3072.20379906203,0.8641128951321836,32,7,24
0.4490898791321055,3143.655169057575,0.8600174982828184,32,7,24
0.449929882608726,3129.408212214236,0.8602894248026075,32,7,24
0.44580703457535675,2965.490235440213,0.869575516477514,32,7,24
0.44465596547644665,2984.7130247945906,0.8709206006980336,33,7,25
0.44694834158581004,3136.2949215532694,0.8592043342354039,33,7,25
0.44989502538961507,3134.4543845566504,0.8595296123231828,33,7,25
0.44055705344160034,3038.8181561578353,0.866542174046165,33,7,25
0.4438710897933546,3125.9191295754727,0.8596380009692683,33,7,25
0.4447535624974286,3028.050473604734,0.867413388224415,34,7,26
0.44719699966194876,3073.82716750908,0.8625056423541155,34,7,26
0.44160034645654106,3111.5463075996104,0.8617806338210544,34,7,26
0.4439561210489616,3120.961253716681,0.8614045733278486,34,7,26
0.45350581039783056,3087.7994743050667,0.8626744553529243,34,7,26
0.4459560198319089,3109.8185325548743,0.8616617596180863,35,7,27
0.4454362414751192,3127.212299850002,0.8600269079111398,35,7,27
0.4455275672120897,3090.4491832464378,0.8635036599108591,35,7,27
0.4405999665904853,2989.0123308341285,0.8701962136632038,35,7,27
0.4529289886178802,3096.399519110813,0.8611570217886364,35,7,27
0.4523231437028568,3141.774292799574,0.8585941940242456,36,7,28
0.4409981320345758,3113.39212134074,0.8626560694534172,36,7,28
0.44621675378579834,3059.4978616334056,0.8646430591776394,36,7,28
0.44909107385272495,3041.0197222638885,0.866188758204286,36,7,28
0.44821514324284384,3089.0832651709175,0.861667039062197,36,7,28
0.4392618317580219,3084.8161573520997,0.8637761832345365,37,7,29
0.4516970873783066,3144.775946657128,0.8587580974524075,37,7,29
0.44931224180740553,3116.672492058889,0.8601976305140148,37,7,29
0.44644334634565597,3063.1195164842875,0.8653539449865378,37,7,29
0.4435190268937365,3026.3182809694435,0.866471582166483,37,7,29
0.4378330745422442,3089.9969654022884,0.8639485401784628,38,7,30
0.4503015691249001,3108.5533056533586,0.8612108229918748,38,7,30
0.447041017275764,3085.5170145394345,0.8632949441162135,38,7,30
0.44668206867972476,3153.4450274901797,0.8586970370861371,38,7,30
0.4462342839673147,2985.800338034305,0.8685259111136892,38,7,30
0.4562009972984041,3122.498446120615,0.8605215300136115,39,8,18
0.4464341665214122,3108.8744955418765,0.8593681168121087,39,8,18
0.45614678254554974,3103.312196627388,0.8615750798547372,39,8,18
0.4615101125191823,3079.7003310117316,0.8630826456477352,39,8,18
0.45116122355003524,3158.270001315815,0.8578223127231559,39,8,18
0.4504181114950076,3091.9922338286096,0.8625227188004245,40,8,19
0.45121550855709963,3130.5414560335003,0.8591690717877264,40,8,19
0.4462576948088939,3120.451098364926,0.8603014552390218,40,8,19
0.45163857689039943,3095.0064661612405,0.8607391201734974,40,8,19
0.452914321359302,3153.4296361415445,0.8579668492002989,40,8,19
0.4491825676463958,3060.8857112913597,0.8637592739230733,41,8,20
0.4451838858167273,3104.4902992651214,0.861551981789265,41,8,20
0.449926244314114,3099.1251152588234,0.8623493058822371,41,8,20
0.4555089850519038,3136.476973858641,0.8593324528658107,41,8,20
0.4459564456135762,3163.3536849139387,0.8560988047680727,41,8,20
0.45319218967461755,3154.4691812017295,0.8569464358158576,42,8,21
0.4433274344641528,3076.77130136334,0.8642672387201351,42,8,21
0.45091584699203174,3164.7461507937446,0.8572226884461558,42,8,21
0.4498683024296453,3144.8835408091286,0.8597520982961648,42,8,21
0.4453898663536649,3037.0425816242823,0.8636696863793054,42,8,21
0.4528820487743675,3139.0521835654763,0.8587616942354763,43,8,22
0.4503072415992839,3055.0924147825963,0.8642152560460259,43,8,22
0.44518025008609885,3161.470710641916,0.857689613224174,43,8,22
0.45586345539628226,3169.546358192317,0.8564640074097545,43,8,22
0.4517060253225392,3089.6478984290725,0.8614583998099826,43,8,22
0.45139834159596004,3101.6515270112786,0.8614851286467429,44,8,23
0.45496668471355856,3167.2739160787523,0.8569572079178486,44,8,23
0.4500053836517812,3084.9675764102262,0.8615406621459293,44,8,23
0.44847856431152733,3063.6513969757552,0.864837156400176,44,8,23
0.45269765095125686,3166.935981707434,0.8564543033521472,44,8,23
0.4510817146756643,3073.4687549547157,0.8635202907953505,45,8,24
0.45230924188763894,3145.3337879983665,0.8578392143149172,45,8,24
0.4532912668571284,3100.3491244475117,0.8613024302963875,45,8,24
0.44661374231382517,3151.966378535707,0.8582086249848642,45,8,24
0.44368460102577295,3119.957237588435,0.8598473656103441,45,8,24
0.4519056352391028,3139.0402292799427,0.8588928021970766,46,8,25
0.4472160579844664,3140.580704638252,0.8595274597007972,46,8,25
0.45218785936528955,3153.709142771927,0.8568470668216688,46,8,25
0.45328673574293077,3183.685446028008,0.8559285927952544,46,8,25
0.45121837988065155,2979.6673331230913,0.8689612543760226,46,8,25
0.4583608715078638,3162.18110466512,0.8563738092287365,47,8,26
0.4504158964510395,3176.4472001191784,0.8575116809379155,47,8,26
0.4430462894729197,3085.858790936493,0.8627349201564634,47,8,26
0.4452888869232378,3120.1972949479346,0.860780859033663,47,8,26
0.445833168512379,3015.998427824609,0.8660229459145787,47,8,26
0.44773538081799885,3063.796487634881,0.864257070866771,48,8,27
0.4464053880520516,3131.555933862498,0.8583014035321164,48,8,27
0.45668734471688216,3167.24357399677,0.8565924818850414,48,8,27
0.4514467513465761,3081.445089498121,0.8635180623874809,48,8,27
0.44601352244108305,3146.312881319703,0.8580684610904119,48,8,27
0.4455923532664793,3068.2350220642566,0.8651667026013051,49,8,28
0.44508414630931054,3116.7330582570194,0.8607024684427748,49,8,28
0.4459159486431921,3051.2259567297033,0.8641235601744031,49,8,28
0.44669108404831415,3160.4775465946127,0.8574379456464793,49,8,28
0.44481018554175056,3145.264861375844,0.857632188311718,49,8,28
0.45154724354074516,3195.8100697240197,0.854878826623922,50,8,29
0.443705628322691,3001.8071040055274,0.8687101349114014,50,8,29
0.44536122742358564,3143.1116740873667,0.8593317175207251,50,8,29
0.44405569667635164,3135.305960088072,0.8599455768168223,50,8,29
0.4491076258973471,3077.327359766976,0.861140466089757,50,8,29
0.44496634936540347,3141.792217248918,0.8599083813859585,51,8,30
0.44556179482923136,3059.8653512359388,0.863992835453359,51,8,30
0.45299642152296515,3158.1164907411207,0.8573768159328236,51,8,30
0.44494401923250015,3130.027197279501,0.8598454896432015,51,8,30
0.4516482597202262,3077.2835445760193,0.8617501652139073,51,8,30
0.4555737138626794,3168.53489105777,0.8560144329269948,52,9,18
0.4592643525500015,3181.1167703734923,0.8549189341478002,52,9,18
0.4555951560172646,3119.499339467869,0.8596922101768096,52,9,18
0.44996986393222793,3082.5081528461938,0.8624031301538702,52,9,18
0.45502811327549053,3152.2078315241183,0.8575209488714179,52,9,18
0.4563989408086561,3131.274140701404,0.8586271569278281,53,9,19
0.45793686011080953,3208.079812955669,0.8537894168999862,53,9,19
0.4532966396313267,3158.0832039395436,0.8568822149020255,53,9,19
0.4614941107947793,3223.0735925098456,0.8520014247236298,53,9,19
0.45535137548621335,3045.6548721712275,0.8635971121526853,53,9,19
0.4532298850444741,3193.415479961012,0.8554216591850847,54,9,20
0.4558509957313511,3197.4453342250263,0.8533023377031809,54,9,20
0.4561160791147763,3182.0418193635237,0.8549878958806143,54,9,20
0.44984830820309757,3120.257443645433,0.8599245460086484,54,9,20
0.45545665876651265,3068.4056224818755,0.8616831711306681,54,9,20
0.4490701372965862,3175.828602642559,0.8559083405367174,55,9,21
0.447248800662457,3202.3588395181455,0.8543894573499092,55,9,21
0.4457270487859861,3153.1116549153776,0.857639084232275,55,9,21
0.4496621160338894,3073.509950386239,0.8636591177298788,55,9,21
0.4559668635139591,3095.0538554645937,0.8592965100483124,55,9,21
0.4567783581996932,3127.712225816237,0.8585308907766966,56,9,22
0.4518835188758445,3122.675238988973,0.8601784718957979,56,9,22
0.4561510754128555,3161.1423173694275,0.8565347140295747,56,9,22
0.44664602837606704,3143.204410563519,0.8579538122199236,56,9,22
0.45456839985950276,3175.1673494965944,0.8550106404278861,56,9,22
0.4445037949143812,3061.034894735621,0.8634500217338449,57,9,23
0.4481199919870883,3126.679933971507,0.8587364497267684,57,9,23
0.4483236577244584,3140.3822676539894,0.8575363818318251,57,9,23
0.44836462064754234,3167.8409019911765,0.8581191149058762,57,9,23
0.44798217828085013,3190.1120772293193,0.854305469966633,57,9,23
0.45051701466368654,3098.3074025913215,0.8616431032821845,58,9,24
0.45214949618093775,3129.7207851374706,0.8584323475094031,58,9,24
0.44566154230430455,3155.6882413005574,0.858756805466083,58,9,24
0.4492489476437899,3135.196987647081,0.8582080755915816,58,9,24
0.45179691795563554,3139.901177714663,0.8575882883721861,58,9,24
0.4580639065551679,3169.356546623149,0.8562019811939798,59,9,25
0.44914818012689867,3131.9737990207445,0.860236718254418,59,9,25
0.45345211835296517,3213.591946299438,0.8526969767796644,59,9,25
0.4507831775086616,3126.5675361235567,0.8588029867564377,59,9,25
0.4463962608233779,3111.1527210272034,0.858178181815842,59,9,25
0.4480670979451835,3066.4478207838024,0.8630426362465902,60,9,26
0.45585550688258103,3144.9537791751172,0.857329206142294,60,9,26
0.4550588310303035,3136.8143742574184,0.8589906933961887,60,9,26
0.4585001052786795,3200.115818894647,0.8543558934659072,60,9,26
0.45105702600902736,3185.021133284696,0.854148669328402,60,9,26
0.45802045527112595,3172.9501312434745,0.8558307501029319,61,9,27
0.4522229625180938,3067.391716058862,0.8633216087416316,61,9,27
0.4449880240022046,3168.4850227583383,0.8563341540047422,61,9,27
0.44882119528491465,3187.9834517781132,0.856032550000982,61,9,27
0.4521500205235692,3128.1908129451162,0.8571112419876872,61,9,27
0.45021474780179244,3124.7755908243607,0.8602724111968383,62,9,28
0.45217070582299895,3183.9285251824917,0.8552356378337915,62,9,28
0.45008499993344775,3122.5157698268927,0.85910959627801,62,9,28
0.44814301234108395,3198.580903699834,0.8542770898521946,62,9,28
0.44962741329577566,3085.0836152305938,0.8606688947013307,62,9,28
0.4475597655761081,3066.5278758935283,0.8635455406172776,63,9,29
0.45120316957871565,3136.538209705778,0.8586045180268277,63,9,29
0.44768179969042715,3179.32901171028,0.8560898999633286,63,9,29
0.44778086475478324,3173.846566658364,0.8562206289987188,63,9,29
0.44869713474537354,3121.8679149938334,0.858417138632104,63,9,29
0.4506390202032428,3187.0761368744156,0.8556205285920979,64,9,30
0.4461805027421843,3137.5929706078073,0.8576476799352123,64,9,30
0.44998024949686966,3079.1259981198255,0.8632102619150595,64,9,30
0.45133481401988784,3184.5689856629056,0.8552073997035943,64,9,30
0.4515573282174455,3103.659758364726,0.8599271769192057,64,9,30
0.45632681508924766,3124.3572876463672,0.8584057553373793,65,10,18
0.46078204959494695,3183.5679091309735,0.8538143544641782,65,10,18
0.4581631740849754,3181.5266848988003,0.8548787916079545,65,10,18
0.4669643039470938,3225.0971566931753,0.8528025658931463,65,10,18
0.4589780904790385,3190.637467754295,0.8523430781933038,65,10,18
0.45163656943796415,3127.8169421897787,0.8592233468035778,66,10,19
0.45553924631321613,3205.2117900665153,0.8532685794308099,66,10,19
0.4658433228010452,3113.8765229966984,0.858704560020131,66,10,19
0.4529308383903235,3194.092170196109,0.8545049298449321,66,10,19
0.46582170956892416,3223.70032640673,0.8502023444256832,66,10,19
0.4590717828818148,3145.074970833887,0.8567159649863507,67,10,20
0.45126480270666963,3166.996592439153,0.8564431606603993,67,10,20
0.44789085405950274,3162.0764641879246,0.8565097646361454,67,10,20
0.45404788992090905,3233.6568621574625,0.851820649267527,67,10,20
0.45590581655677,3133.932856043858,0.8565765615436245,67,10,20
0.4570121991606192,3156.9604745928123,0.8560770994115534,68,10,21
0.45080262847760666,3196.785006723327,0.8520349571228465,68,10,21
0.4493138084922151,3122.22031219015,0.8593741261424509,68,10,21
0.45542968516044935,3193.4247193529686,0.8549778888375648,68,10,21
0.45910549550592533,3195.0521168069854,0.853484368739255,68,10,21
0.45869920838992334,3151.7577808620185,0.8571788548329821,69,10,22
0.45683010739991775,3164.3210830268936,0.8555496093956664,69,10,22
0.45264712365112103,3202.4784820012906,0.8537509314165965,69,10,22
0.4480053515377314,3137.2635889049407,0.8576102519833904,69,10,22
0.4569245908093135,3193.1726947308275,0.8533125261958303,69,10,22
0.46096816870887336,3178.8001474032394,0.8559634185754708,70,10,23
0.45026265798740045,3219.3400210596483,0.8530790591437777,70,10,23
0.45122384621924577,3161.1733834583406,0.8548662089696514,70,10,23
0.4565475071122542,3188.1014091266984,0.8543393987819082,70,10,23
0.4485271624783099,3107.625890934516,0.8586021883609607,70,10,23
0.45172611962131637,3149.9221103370896,0.8573061767636665,71,10,24
0.4489619067890559,3140.448266014741,0.8582282054363047,71,10,24
0.4493588033387265,3136.69622211348,0.8586000967758731,71,10,24
0.45777086870329264,3222.40608840053,0.8511745960247166,71,10,24
0.44778993746486917,3182.8515919594824,0.8535526680301007,71,10,24
0.4520717230533751,3189.609131815411,0.8530850949347792,72,10,25
0.4646392923005211,3249.072651909102,0.851128512413319,72,10,25
0.4497023314277613,3068.938611811754,0.8620151758839291,72,10,25
0.4523536715869884,3155.161246830196,0.8570995784404756,72,10,25
0.4502264398044265,3172.3760787607225,0.8552956079174099,72,10,25
0.4588730478838881,3206.767640835483,0.8513628575802563,73,10,26
0.4508710787307399,3174.935164637766,0.8554775969133277,73,10,26
0.44646334986880676,3094.0735675648443,0.861509701565578,73,10,26
0.4540432610331792,3195.590270378803,0.8539726826187232,73,10,26
0.4541883060078288,3181.2112889589002,0.8546821278411431,73,10,26
0.4536407261704962,3194.0076225248486,0.8539016495565239,74,10,27
0.4451744868370362,3200.817981952162,0.8544234394508949,74,10,27
0.4488892296109193,3077.3291908611072,0.8626261127105773,74,10,27
0.44541276290416515,3186.1064076988255,0.8544852463458861,74,10,27
0.45128586366696605,3130.281373363298,0.8574240339479844,74,10,27
0.4542806455253994,3179.1827561734854,0.8547792064331894,75,10,28
0.4558732426918382,3045.4222225281396,0.8637393345944839,75,10,28
0.46042683060863004,3196.899435338982,0.8536844258760761,75,10,28
0.4531339628382512,3194.570802948555,0.854514046784101,75,10,28
0.4535993806509658,3201.5292877323277,0.8535096806922504,75,10,28
0.4602417292579401,3138.183091343381,0.8573812706923971,76,10,29
0.4540920763109471,3146.179529830233,0.8576694781176861,76,10,29
0.45274703309580044,3204.8359106791218,0.8528466252579795,76,10,29
0.45011383172088243,3202.3958406229276,0.8544398074809456,76,10,29
0.4437749995100593,3147.6482337460156,0.8559431856834597,76,10,29
0.45621105981086557,3178.7912794562008,0.8535174767063723,77,10,30
0.45028380731274065,3157.8380497303992,0.8569354565247452,77,10,30
0.4601092783000495,3150.6804334778476,0.8582529612595909,77,10,30
0.4493765934192772,3157.885247236913,0.8563965852767171,77,10,30
0.454160538788738,3228.4870922328028,0.8499627930726376,77,10,30
0.4618708264183251,3080.704085009785,0.8609008072288116,78,11,18
0.4637830743446755,3222.0455748870218,0.851895272477704,78,11,18
0.4581013222651888,3234.696868211735,0.8501509403826175,78,11,18
0.4585820426210644,3190.6599353905863,0.8544448123005429,78,11,18
0.46380811003857486,3250.3477345328633,0.8480702584057545,78,11,18
0.4575356278777666,3222.03930233766,0.8517395954968131,79,11,19
0.4597193613810256,3235.8945792847167,0.8502526981376034,79,11,19
0.4567056285831589,3207.7198341814,0.8522118449008953,79,11,19
0.46249588964939614,3166.4872435465004,0.8557628885390385,79,11,19
0.45776789848479216,3121.761027653774,0.8578234890351611,79,11,19
0.4632429424211973,3260.2117663224217,0.8495951529106051,80,11,20
0.4498944890907669,3113.667424051828,0.8595518021631817,80,11,20
0.45863937467806853,3243.4953966862395,0.8500122628111326,80,11,20
0.4552134977480828,3231.014225258766,0.8510343864378477,80,11,20
0.4531660764290143,3095.668648086701,0.8584714124787999,80,11,20
0.4602253012130742,3241.9113498512083,0.8497020362401025,81,11,21
0.45846868340222696,3207.910198634892,0.8512524818554005,81,11,21
0.45789618781814545,3195.377087003521,0.853883553133093,81,11,21
0.455946883864665,3113.1628984649806,0.8591037768761536,81,11,21
0.45297505568945823,3218.3379114242134,0.8517271363807084,81,11,21
0.4607545053353836,3202.054375637832,0.8534646747432454,82,11,22
0.45584877951085406,3166.6693854278906,0.8556564799144519,82,11,22
0.4564667568708228,3178.1459695470517,0.8541360858568504,82,11,22
0.45648773607760135,3230.0749973066727,0.8512681625000478,82,11,22
0.4532800656577233,3194.553946778086,0.8516511744663472,82,11,22
0.4534489535175443,3244.73967485273,0.8493822426489448,83,11,23
0.45482109787424135,3183.679255365729,0.8536005444187124,83,11,23
0.45566844137156043,3154.1650374342744,0.8566302168761932,83,11,23
0.4512314134338482,3209.775708346699,0.853155986075597,83,11,23
0.45365179470714273,3147.064763180561,0.8563383724809553,83,11,23
0.46183906395457647,3192.643469535628,0.8537040570001839,84,11,24
0.45263320737982105,3206.702086715082,0.8519301168678144,84,11,24
0.4592002836274059,3188.0654847403357,0.8539097160975769,84,11,24
0.46138531815050937,3247.885473921389,0.8494139619876854,84,11,24
0.4462575395925524,3154.4874454202804,0.8555479697613795,84,11,24
0.4487784087513306,3155.826635959372,0.854375564587889,85,11,25
0.45317927870751756,3148.5716724677204,0.8573496722075242,85,11,25
0.45239784584199155,3175.9067825665206,0.8551157913436076,85,11,25
0.4630489577480991,3210.4574503908248,0.8527374116500428,85,11,25
0.45563674138547894,3240.5879037982004,0.8502724806064252,85,11,25
0.45011119552663953,3208.546043468244,0.8532360349632322,86,11,26
0.4505781290597774,3124.93169175951,0.8581779767087337,86,11,26
0.46120861145611025,3225.698150538328,0.8518814685818489,86,11,26
0.45797812278026256,3240.382140856852,0.8499780692628106,86,11,26
0.45505381818767854,3126.4446625973487,0.8570759385040191,86,11,26
0.4516224220453343,3230.932493941677,0.8525090213733515,87,11,27
0.46145835611612573,3062.1382924771706,0.8622649814164187,87,11,27
0.4578190370475659,3221.8820325573624,0.8501944410337271,87,11,27
0.4607941684457775,3241.4098767786595,0.8501394859886647,87,11,27
0.45684073578186263,3201.877244848986,0.85221595936341,87,11,27
0.45221136592264477,3220.2467876848227,0.8522603550190291,88,11,28
0.45316610093004195,3176.3752521405713,0.8540195486813698,88,11,28
0.4569158259880308,3210.7981096604335,0.8540242590748738,88,11,28
0.45607061291050305,3172.214726182464,0.8536880392803398,88,11,28
0.45844769438946087,3166.6916954850903,0.8545071216508263,88,11,28
0.44932484992781585,3144.4301821242434,0.8568796667805623,89,11,29
0.4481698056961749,3217.810851773129,0.8525132180006516,89,11,29
0.45482319216485273,3202.7783595806604,0.8521707563173091,89,11,29
0.4518162738065036,3208.804462827134,0.8511542030159038,89,11,29
0.45866676571712717,3150.4466701753977,0.8577531808174456,89,11,29
0.45829753335635376,3217.26226986431,0.850741828409401,90,11,30
0.45138428161069716,3216.2488590574,0.8524939426974704,90,11,30
0.4565900240787842,3236.080498503847,0.8509999673737086,90,11,30
0.45362902217824247,3142.7655949754344,0.857371824141971,90,11,30
0.4517203498437036,3135.576682291663,0.8567206979285955,90,11,30
0.46443367989211987,3241.369977450438,0.8507748408103737,91,12,18
0.46174508273919357,3181.5919346131923,0.853084960892319,91,12,18
0.46182086777974274,3227.7781782834118,0.849025615237665,91,12,18
0.4609357266209892,3214.824121324587,0.8535144841561656,91,12,18
0.4650095537905529,3209.422870166618,0.8501961376943261,91,12,18
0.4611990512317239,3267.591186744456,0.8491130250833568,92,12,19
0.45927361647019527,3240.817706400796,0.8483469221622809,92,12,19
0.4594102611398705,3136.4198371710563,0.8573863573668657,92,12,19
0.4667303475180049,3263.8280554453836,0.8473617745199854,92,12,19
0.45654238377916356,3178.1723458944907,0.8532765649032197,92,12,19
0.4653087261337167,3249.413832367449,0.8487162797211485,93,12,20
0.4629683966169297,3238.4743730262962,0.8496013925047423,93,12,20
0.45739144176427465,3169.4063886791746,0.8545825979475554,93,12,20
0.4569022882859502,3218.2140215516633,0.8516161070654731,93,12,20
0.45392767224133623,3197.1706328326595,0.8523417799062706,93,12,20
0.4547570968652989,3267.975925643834,0.8483908456869615,94,12,21
0.4609730846514045,3139.8260591872718,0.8566987334246865,94,12,21
0.45860738699942133,3185.948854860594,0.8530485409838643,94,12,21
0.4622247666787855,3198.375081674588,0.8532606218088725,94,12,21
0.45520403264347364,3251.6493237692434,0.8481026557568105,94,12,21
0.4606649993334221,3235.736264823075,0.8495214114568067,95,12,22
0.4636316821334371,3234.113713038409,0.8505532669078466,95,12,22
0.46618841135983247,3204.9502787228253,0.8531270681516264,95,12,22
0.454552954865659,3231.5352872803455,0.8495583461492691,95,12,22
0.4571414690826136,3160.7860201724875,0.8546046102433136,95,12,22
0.45487063454333765,3195.1986565018974,0.8527567842222452,96,12,23
0.4606626722126431,3248.0242450205365,0.8498302558620505,96,12,23
0.4534844012422934,3192.638450317669,0.8535766301326446,96,12,23
0.4583431583038538,3177.179597389896,0.8544659333734964,96,12,23
0.45296641379444974,3221.3127465726484,0.8497559784760905,96,12,23
0.4564858281989221,3256.2887017276794,0.8488406284358802,97,12,24
0.4567678886384318,3232.8189228811225,0.8503432159272521,97,12,24
0.45924192634026045,3191.7230103276506,0.8533556086803034,97,12,24
0.45841799235307973,3232.630792224155,0.8502548949139882,97,12,24
0.4552984195285283,3147.7224278831764,0.8551354142777938,97,12,24
0.4530006154452387,3251.924030537546,0.8487540685655748,98,12,25
0.4590939810052327,3231.949211800252,0.8500393330714252,98,12,25
0.4556590818005642,3179.4202736202724,0.8552801147909788,98,12,25
0.45909848753227167,3233.9893871861896,0.850036779608242,98,12,25
0.45919469751949293,3151.139754447904,0.8549615936961301,98,12,25
0.46054953832663315,3199.6445222084044,0.8517744434431662,99,12,26
0.4563915272784658,3270.0157440016865,0.8485188538048999,99,12,26
0.4603179104389456,3204.314725587633,0.8535291856803006,99,12,26
0.45350536320949214,3196.44263518975,0.8528304922412214,99,12,26
0.4583965478892487,3186.3172587872077,0.8516709657813211,99,12,26
0.45751257104745197,3232.3988862337187,0.8505240749583058,100,12,27
0.45304949340386963,3211.854937034607,0.8515457846713214,100,12,27
0.45926583203661503,3261.539083552304,0.8486165823984126,100,12,27
0.4507974881991292,3185.2084374814604,0.854697995893749,100,12,27
0.45620465080325245,3158.2287632779844,0.8536314718081801,100,12,27
0.45631164633878685,3168.8449090725003,0.8551153024528436,101,12,28
0.4580798214382759,3218.055716031282,0.8515292496497602,101,12,28
0.45409524007916713,3184.989631531713,0.8532054064111521,101,12,28
0.45475943867281843,3246.369711469516,0.8500180113670277,101,12,28
0.4601715928934702,3241.7175649156375,0.848134772883693,101,12,28
0.45941211544199584,3259.712423891785,0.848532510801397,102,12,29
0.45318522187973076,3240.070344512907,0.850039435794392,102,12,29
0.4552217212263008,3254.325081981818,0.8486961736348438,102,12,29
0.4577455885930464,3144.8407933576987,0.8570731739308373,102,12,29
0.4567398548971695,3163.9751105247974,0.853387704118753,102,12,29
0.4642615865845365,3240.984453174156,0.8490527116727574,103,12,30
0.45957228606380873,3203.8022098257657,0.8524903637548876,103,12,30
0.4563179435342587,3138.8204796603654,0.8570121070666077,103,12,30
0.4566606828503227,3250.0219359511552,0.8492214457118614,103,12,30
0.4605738422201384,3231.404358255629,0.8497582251601787,103,12,30
0.4615386197283045,3219.8674291332477,0.8511910136461881,104,13,18
0.4593715126129021,3257.6045908538827,0.849355278479607,104,13,18
0.4604469578838216,3205.318551802182,0.8519527572927179,104,13,18
0.4726100416766271,3207.597096037324,0.8498728132138986,104,13,18
0.45367539774847226,3239.1474930625545,0.8492210700727345,104,13,18
0.4618987370839823,3205.5776661854406,0.8516421191866509,105,13,19
0.4618196846787407,3211.8537220328253,0.8516687415551735,105,13,19
0.462267108917368,3173.6330900789458,0.8539353231251658,105,13,19
0.45643857587208897,3275.1747205572947,0.8476761329947292,105,13,19
0.46155427967701634,3258.9658332438526,0.8470555676950444,105,13,19
0.459242035589945,3231.8713644759287,0.8493924879103497,106,13,20
0.4521172660246079,3119.473241542606,0.8588315143659235,106,13,20
0.4536347060658104,3272.1887741870146,0.8471354212488414,106,13,20
0.46428962771035676,3290.6506316746118,0.8464117681632373,106,13,20
0.4615069749213591,3224.4446258299013,0.8488749544124427,106,13,20
0.46260339174040954,3182.4212734628904,0.8532255581260624,107,13,21
0.4555086444412831,3260.6458019851148,0.8477223710234096,107,13,21
0.4513105347846985,3245.23159451143,0.8500880460734576,107,13,21
0.45875066703557876,3221.113694356577,0.8504846101609004,107,13,21
0.4545038902618918,3209.044671870541,0.8511060909542191,107,13,21
0.46192513583752487,3215.6071406043457,0.8506244992098173,108,13,22
0.46112220524076375,3288.985899887864,0.8466422088371599,108,13,22
0.4642946267447701,3250.9685190074456,0.8473636775805443,108,13,22
0.45561706216684145,3146.665661304185,0.8567895240589569,108,13,22
0.45845418809925725,3255.2349691895142,0.8475069681617012,108,13,22
0.4583110943241224,3168.648833912846,0.8533607678710877,109,13,23
0.45993986079254484,3240.426502639541,0.8508801206413416,109,13,23
0.463561292453857,3202.923322828209,0.8510953778650278,109,13,23
0.45451486915956785,3266.335863866932,0.8478891039900296,109,13,23
0.4552933833530245,3253.4646044856413,0.8481532344929581,109,13,23
0.453544790194203,3162.4804186688975,0.8559795224742106,110,13,24
0.46599373504580316,3236.196409146678,0.8490760729209903,110,13,24
0.45655166337344677,3228.9355422404483,0.8508374561720766,110,13,24
0.4612225942789194,3267.282005073179,0.8471434137638867,110,13,24
0.45801696247195434,3228.882600658282,0.8490278425019073,110,13,24
0.4595211830108163,3189.7064151136483,0.8525350795764941,111,13,25
0.46278279450928317,3205.430497781834,0.8515944386877629,111,13,25
0.4630024010930939,3285.874263020593,0.845519552009782,111,13,25
0.4601640755214473,3285.5112138269706,0.8464066048396272,111,13,25
0.4512978431223114,3193.484273953928,0.8526853377173992,111,13,25
0.4589797880679591,3221.9060124716025,0.8499425428115315,112,13,26
0.4644078228032724,3200.979159285931,0.8515675283420294,112,13,26
0.4557582611578839,3222.5257305610535,0.8510181923015921,112,13,26
0.458962500180502,3269.6981120089263,0.8473737629640141,112,13,26
0.4616947638967838,3247.6978828847805,0.8486063421534478,112,13,26
0.4612154518437579,3137.4256104961573,0.8562929990259404,113,13,27
0.4602714940309091,3266.599428060662,0.8475991402996785,113,13,27
0.45194732441603325,3172.801850984578,0.8546089750143924,113,13,27
0.4517824426784236,3288.6773191029806,0.8467709029379622,113,13,27
0.4597007858349043,3282.117957563626,0.8445351302075799,113,13,27
0.45559066036797724,3281.6685970548383,0.84595134551146,114,13,28
0.46034766955963846,3180.755921565928,0.8542006422060109,114,13,28
0.4572939619527436,3207.9482745011574,0.8514264103829988,114,13,28
0.458983965082819,3196.123176416945,0.8528948471299918,114,13,28
0.4482279335043004,3233.6050080742675,0.8498186251756066,114,13,28
0.4578008436287634,3267.7706413053043,0.8477555885494368,115,13,29
0.4615485676701616,3155.953691476576,0.856818512306054,115,13,29
0.4617994131642057,3278.7483002467184,0.8450954180366365,115,13,29
0.4586427705254298,3284.548958780281,0.8466209475451293,115,13,29
0.45879249614505296,3161.950374818169,0.8533824850721812,115,13,29
0.4589353385842167,3228.522814720377,0.8492788742503062,116,13,30
0.45928393998754186,3213.373543310704,0.8502256047358016,116,13,30
0.45910881951230775,3210.2114934782294,0.8518369357553379,116,13,30
0.4623328779865162,3246.004642641755,0.8489038716772257,116,13,30
0.45489439184921915,3262.3981724774594,0.8484778437548142,116,13,30
0.4651886668801657,3252.979302231474,0.848394703774446,117,14,18
0.46654137591051437,3310.229193806828,0.8437435285745698,117,14,18
0.45980091263019696,3120.200976235179,0.8577695523940612,117,14,18
0.46270617682810955,3270.563730178353,0.8468258264759203,117,14,18
0.47060561960406705,3299.916347763797,0.8431448896304432,117,14,18
0.4637236495822315,3276.8866783666926,0.8471647303521469,118,14,19
0.46082862081890963,3237.7681391187202,0.8494172502409967,118,14,19
0.460145383222511,3268.007353967861,0.8459514007799134,118,14,19
0.46066529353194074,3267.7842601858406,0.8478737505945177,118,14,19
0.457575157034178,3185.8387072219834,0.8512419863640383,118,14,19
0.4629946938766063,3138.550799325067,0.855921892563133,119,14,20
0.4585005718930696,3241.988113479616,0.8487362270845824,119,14,20
0.4612554965784197,3300.769408565976,0.8455396086204677,119,14,20
0.4696877479672714,3313.297654760391,0.8440483754215661,119,14,20
0.46557493361795027,3232.782862659695,0.8481997083196051,119,14,20
0.46346637083178616,3280.568224297762,0.8457826733119519,120,14,21
0.4629118480137901,3287.4192068916923,0.8452978712699166,120,14,21
0.4602628846734519,3165.754413017737,0.8549343618325079,120,14,21
0.4583749142510327,3242.280690482987,0.8490504544566717,120,14,21
0.46262642977267965,3255.99140011827,0.8469322858885154,120,14,21
0.4707654081454343,3324.389496141932,0.8425899342713155,121,14,22
0.46038411762757003,3276.1692770041805,0.846125982573417,121,14,22
0.4605081422830606,3289.026236347632,0.8451599556685494,121,14,22
0.45931646131822224,3153.9073503701184,0.8551562105545059,121,14,22
0.46992367617288217,3210.4484228760684,0.8509041114517708,121,14,22
0.4593402002887043,3252.894106954575,0.8473645828121865,122,14,23
0.46518653262178494,3255.2172242354745,0.8476995992897512,122,14,23
0.4590603715933552,3289.084711255261,0.8457304094719837,122,14,23
0.45414236551378023,3212.325230664426,0.8523766833840801,122,14,23
0.46370306839264674,3208.8170851258856,0.8501317189413538,122,14,23
0.45949891512704877,3260.1512865833483,0.8466808693514097,123,14,24
0.4630245470783853,3272.783922862,0.8465341477809836,123,14,24
0.4605572292731504,3219.1531113374617,0.851280482743583,123,14,24
0.4619217292801393,3271.1368606960345,0.8480903416347432,123,14,24
0.46424104655124143,3237.953737668073,0.8466997273309375,123,14,24
0.4574506987972253,3177.494030173435,0.854095097057685,124,14,25
0.46623732302039134,3296.8429308016366,0.8432115611790876,124,14,25
0.4606970196197762,3306.0434361675416,0.8446475819858628,124,14,25
0.4546196436923404,3198.8688205105873,0.851883202155489,124,14,25
0.4645749693526499,3296.2164000221364,0.8440412022711923,124,14,25
0.4628448641184198,3318.444494782827,0.8440847284681772,125,14,26
0.4585030439125786,3234.0166942652977,0.8498178976620624,125,14,26
0.46388495089249937,3136.436977494864,0.8548241420031831,125,14,26
0.452927317415305,3278.799023184953,0.847285474917451,125,14,26
0.46531494297695253,3265.293989321191,0.845926073604068,125,14,26
0.4580583929574298,3257.6400405463855,0.8476702214401364,126,14,27
0.46042612080692874,3287.136600824905,0.845332279821517,126,14,27
0.4615087559059518,3114.444168856135,0.8570053113573843,126,14,27
0.45815109859142983,3293.743065379139,0.8468429956692431,126,14,27
0.45156521251531817,3227.1312330861797,0.8500080305718527,126,14,27
0.4617588551859485,3273.5000307018227,0.8452948704932721,127,14,28
0.4653047560975315,3309.5498723961937,0.8442568630541476,127,14,28
0.4569721390684113,3256.704057916893,0.8486888428750762,127,14,28
0.459632903453998,3168.553889949903,0.8545914226245395,127,14,28
0.4606462409007673,3272.2359847937937,0.8445823935685279,127,14,28
0.46426375467073433,3271.65033401658,0.846195395045954,128,14,29
0.45646692492127583,3242.1530319388767,0.8492957035560488,128,14,29
0.4623527929878157,3209.5134151620164,0.8505259839037943,128,14,29
0.46192338632353136,3284.7184463048866,0.8466061395469433,128,14,29
0.4614600394001655,3253.732023224437,0.8466404119379654,128,14,29
0.4619011593768234,3296.1096742123123,0.8451785994662264,129,14,30
0.46310769910844185,3310.948834861925,0.844569582643145,129,14,30
0.4597807596393923,3299.127066681681,0.843630816389747,129,14,30
0.4585162920132504,3158.9878964330437,0.8546973951819461,129,14,30
0.4638032277051666,3201.102259003306,0.8507183857480634,129,14,30
0.47041760357348344,3277.616558997983,0.8479806611056983,130,15,18
0.46794416097490815,3297.934096569466,0.8444394871671351,130,15,18
0.4649352663769766,3288.980232022922,0.844268074201046,130,15,18
0.46493457939505306,3214.9026117046697,0.8502243897764646,130,15,18
0.46573252392422343,3257.604021442754,0.8452457445240953,130,15,18
0.46203836347156324,3232.132464732983,0.8495296169245973,131,15,19
0.4609415197735007,3277.290536630673,0.8468758386014952,131,15,19
0.4625512251444103,3290.553387607101,0.8441263059495816,131,15,19
0.46714882296799504,3318.4835427579756,0.8426195653499385,131,15,19
0.4589795196745652,3191.7187163207577,0.8515490351493524,131,15,19
0.46195868036669174,3276.0393246842377,0.8451189082364706,132,15,20
0.4595574305399459,3269.8899071946967,0.8453106768565816,132,15,20
0.4618524710775119,3177.2905977716873,0.8539865788429309,132,15,20
0.4690599326866736,3324.5102720852924,0.8425390686882521,132,15,20
0.4616874280999072,3278.7206989645388,0.8461776955310277,132,15,20
0.45759624368841184,3284.6339149343717,0.8463963917102553,133,15,21
0.4620127832142373,3297.1768659004574,0.8444088507694025,133,15,21
0.45616443989394057,3235.174687967437,0.849281229656719,133,15,21
0.46333493075103227,3247.6912928254937,0.8478419811397386,133,15,21
0.4607960464548997,3225.623571145378,0.8486799257418209,133,15,21
0.46567400035175416,3310.2708508399933,0.8426082790592371,134,15,22
0.4657875595412013,3192.5047045266065,0.8513892243230876,134,15,22
0.4595912796353662,3281.9130031451455,0.8451379471441686,134,15,22
0.46892868232869833,3333.3934949585027,0.8422113176608563,134,15,22
0.46023193034685556,3233.181722315011,0.8494851095833841,134,15,22
0.46435663045411985,3299.8873701683515,0.8439523890311629,135,15,23
0.4639836510285161,3200.5855179708815,0.8529603663100681,135,15,23
0.45791944165629644,3214.90862988811,0.8504097604939826,135,15,23
0.4611582425680061,3301.1790349980206,0.8437299869862536,135,15,23
0.46823993410979875,3325.3925908317,0.8405492742102552,135,15,23
0.46622427392623894,3261.7607078617734,0.8457989302016917,136,15,24
0.4687085627043275,3320.8545967186096,0.8437230717163297,136,15,24
0.45665938032160214,3264.917029382567,0.8474887743215149,136,15,24
0.46180188469706346,3188.5997305451942,0.8530151752732237,136,15,24
0.4608114590354993,3297.757886793411,0.842392039784891,136,15,24
0.45812864457496355,3292.0649966452465,0.8451032265670072,137,15,25
0.4679168455218462,3219.457349254413,0.85045328634002,137,15,25
0.4616866434116792,3219.3020036876596,0.8497379722583427,137,15,25
0.46241366685138996,3302.7835861975705,0.843527945556485,137,15,25
0.4644719290843186,3296.0473478087706,0.8440595742836611,137,15,25
0.4611577233203546,3282.5991060280976,0.8459779722948649,138,15,26
0.4584386365641834,3289.890954143905,0.8460038733802522,138,15,26
0.4681874587189162,3259.7386713059987,0.8460475915185861,138,15,26
0.4654224622363174,3265.2636046763114,0.8468600835945127,138,15,26
0.45730189229923757,3237.141457662344,0.8475604619257566,138,15,26
0.46485402658829217,3235.714809222218,0.8492585365833254,139,15,27
0.45620081574266347,3283.4186234645404,0.8465130581666745,139,15,27
0.4603807226403449,3306.187634050133,0.8437509964604768,139,15,27
0.46435530474960773,3305.1646856862344,0.8441851213045899,139,15,27
0.45709286574204966,3174.5769953245454,0.8515028137157327,139,15,27
0.46208607280144387,3320.8722682532916,0.842511151397717,140,15,28
0.4569016373438482,3239.0628498098804,0.8490044000402792,140,15,28
0.4684441864134856,3306.938044948213,0.8448461983292692,140,15,28
0.4629870441496231,3240.4699817778123,0.8490596194665425,140,15,28
0.4566810326981972,3206.9506706278617,0.8489100175110155,140,15,28
0.4598284031537086,3228.899250662868,0.8486335269586374,141,15,29
0.4657137942541992,3338.7556148856675,0.8422139301326929,141,15,29
0.46313040119777493,3192.541137216005,0.8516781623745503,141,15,29
0.466286881988724,3302.1827063992723,0.8445781777033211,141,15,29
0.4643952401191101,3289.303866367189,0.8437005684711052,141,15,29
0.46417562596699413,3283.3939953310864,0.8448400128564123,142,15,30
0.46231184657942087,3312.6522558516845,0.8431265209409594,142,15,30
0.47194454823508464,3331.900958757457,0.8415874333750332,142,15,30
0.4633378630885935,3132.634629013786,0.8568878634910054,142,15,30
0.4676961722625057,3299.6933073488476,0.8434399628590469,142,15,30
0.46850394013801144,3222.499185327791,0.8503495729392405,143,16,18
0.4752170073472959,3310.1802947570777,0.8420144584000139,143,16,18
0.4682718536858252,3329.7855496098523,0.8417244998541511,143,16,18
0.4628769117292416,3227.461621218965,0.8497582650517497,143,16,18
0.46231501069403536,3282.8608069384395,0.8449285933268273,143,16,18
0.46574056178791434,3313.562370424868,0.8424016179768794,144,16,19
0.46953722177710683,3312.8723802147397,0.8434515174883976,144,16,19
0.4694906140071613,3304.7821768609906,0.8434848418279844,144,16,19
0.46563503897407754,3291.215720406182,0.8433266206337194,144,16,19
0.4691136970634742,3228.7265107021303,0.8487801336164129,144,16,19
0.47330390128824784,3319.6542885091503,0.840856804624605,145,16,20
0.4586596303653909,3292.244665509144,0.8451509363229373,145,16,20
0.46271166253092977,3217.568028129955,0.8492857290488847,145,16,20
0.4647538170831485,3343.3526271682085,0.840620707311378,145,16,20
0.46489767435438595,3248.630987714754,0.8482821397704069,145,16,20
0.4665552418729397,3239.4208917560645,0.8484143709791019,146,16,21
0.4684383679842463,3289.3743173936664,0.8450851070811723,146,16,21
0.45940727714423607,3311.9867537649616,0.8435129094625949,146,16,21
0.46762722470141577,3345.8353896337535,0.8408355327362561,146,16,21
0.46318850151090807,3214.470759309414,0.848328012039292,146,16,21
0.46170368389954697,3267.0526957193797,0.8467800575649105,147,16,22
0.46746873654839116,3264.4189382995914,0.8458363892700974,147,16,22
0.45996237321092204,3303.659459889007,0.843865680640681,147,16,22
0.4581440433579688,3251.4374901967144,0.8481383353477314,147,16,22
0.4657524056620144,3271.0262501213138,0.8456614994165046,147,16,22
0.46381029923616673,3319.406920288118,0.8414226528779876,148,16,23
0.4692773080358004,3290.5761385317414,0.8443408094876876,148,16,23
0.46165409449912237,3322.833597436725,0.8430914552040901,148,16,23
0.4590124833308317,3259.4384109223615,0.8474750890244657,148,16,23
0.4685854611225414,3219.913900508579,0.8487848679121726,148,16,23
0.4592704061197585,3310.269039575508,0.8437576694712683,149,16,24
0.46360753996490545,3323.664628502917,0.8430024502426343,149,16,24
0.47024452205055944,3232.2566901411597,0.8481593892409931,149,16,24
0.4672682974028336,3345.6294370639025,0.8412153561249905,149,16,24
0.46508762080690746,3168.9584562645236,0.8519580548592488,149,16,24
0.4640664991270982,3315.341045572788,0.8423857428104015,150,16,25
0.462239494455354,3219.665940492636,0.8508458651490918,150,16,25
0.46172527730237806,3248.074602500467,0.8470478063271281,150,16,25
0.4653551846574241,3320.107441335365,0.8430919636558647,150,16,25
0.4625378070701091,3288.83453987829,0.8436106879169609,150,16,25
0.46053373963685384,3324.3354866636796,0.8434845758643965,151,16,26
0.4660588019019269,3257.5281970546966,0.8467461643241669,151,16,26
0.460316252634762,3221.711148023135,0.8496830330751232,151,16,26
0.4598880753516675,3333.4135449858213,0.8431105489933942,151,16,26
0.4666928548327238,3245.649898634594,0.8448596294651727,151,16,26
0.4662115647332383,3301.549014026816,0.8433835445940575,152,16,27
0.4625514350332733,3298.9829278763923,0.8451720606398612,152,16,27
0.46151994028300225,3337.314378143386,0.8402439478626866,152,16,27
0.4707155016142568,3246.4759036800856,0.8477816009737043,152,16,27
0.46100914987123537,3227.916641656556,0.8485161067796371,152,16,27
0.4587499790446222,3277.999685234149,0.8453559327201874,153,16,28
0.46590417875890133,3293.9669471542143,0.844906583901763,153,16,28
0.4617594240210218,3287.962232255855,0.8447054333957227,153,16,28
0.4648972595448879,3276.399473378077,0.8458084616720313,153,16,28
0.4578334718990376,3268.389469864841,0.8450770367487106,153,16,28
0.4624409780974308,3313.2471168376787,0.843081126731493,154,16,29
0.46433632496314886,3288.3549731969274,0.8448420699690268,154,16,29
0.46103558866376904,3200.1778784853623,0.8512731784480237,154,16,29
0.4613539636160989,3257.8244880531565,0.8472915151441748,154,16,29
0.4657497027677809,3306.194031794035,0.8429936356647818,154,16,29
0.46604043746405593,3289.7578183528003,0.8443698553442327,155,16,30
0.46294994606157375,3271.5051651263175,0.8463848969875041,155,16,30
0.4693527357454284,3326.2978120919943,0.8414384651171674,155,16,30
0.4592912403371933,3245.2597322461756,0.8491333738307643,155,16,30
0.46182683928362794,3279.1071269918325,0.843778022409301,155,16,30
0.4704460640028331,3292.533358764852,0.8439534154356171,156,17,18
0.4639857896667,3280.5226325256754,0.8456086028051462,156,17,18
0.4658362798808768,3289.5521464382737,0.8439149926904316,156,17,18
0.47045445378472367,3328.579131658637,0.8421478090003811,156,17,18
0.4699848029624196,3266.6735950995003,0.8452019571883367,156,17,18
0.4690757325490845,3273.162885789603,0.8456882712743263,157,17,19
0.47012041452370157,3234.552622426556,0.8480709984154294,157,17,19
0.4631651715644568,3301.1625001362504,0.8425004674135094,157,17,19
0.46736315338283696,3314.5919202466025,0.842569167207937,157,17,19
0.4625924916529438,3326.9028382746974,0.8426937247457708,157,17,19
0.4675467272560066,3271.128383159411,0.8455263145998162,158,17,20
0.46808917802959416,3356.1594355323964,0.8393307801349411,158,17,20
0.46405313075533444,3308.3954773640726,0.8437611845866936,158,17,20
0.4638068903019288,3260.5078893412056,0.8467935006367631,158,17,20
0.46327099164602575,3264.045711847544,0.8451611462071704,158,17,20
0.4641802960574449,3281.2502484015404,0.8439624158232901,159,17,21
0.4691441225469195,3226.9978122954226,0.8486616698466797,159,17,21
0.46645259722540955,3343.0767692349777,0.8413488935747107,159,17,21
0.4635443033465832,3343.3235313627783,0.8416850589763887,159,17,21
0.46401546107019814,3236.30353128725,0.8476947046344283,159,17,21
0.46471167791452533,3304.977733799135,0.8431546713710429,160,17,22
0.46867680759376523,3343.629402211949,0.8393003241484506,160,17,22
0.4698865442910948,3221.6993486257693,0.8492674456346795,160,17,22
0.4696121181684324,3307.5144769442904,0.8447202576083761,160,17,22
0.46796098662724533,3337.0277394314403,0.8388622584513062,160,17,22
0.46816043387375755,3252.9205094682734,0.84608121498048,161,17,23
0.4665948841990424,3267.304588829863,0.8472194258378174,161,17,23
0.46613594691946286,3326.508320884173,0.8415522776926664,161,17,23
0.46527559120333545,3364.430148746058,0.8392270310132574,161,17,23
0.46109107078824385,3243.169854275904,0.8470430650532979,161,17,23
0.4627229819169413,3287.297187233947,0.8446513935611384,162,17,24
0.4685559557948872,3219.8935015084694,0.848696015943176,162,17,24
0.4652861899717332,3288.751055970759,0.8442527888973358,162,17,24
0.4665530000235227,3351.920968817536,0.8410813736386868,162,17,24
0.46474974129019697,3325.464759697995,0.840655703385192,162,17,24
0.4711620848411397,3384.7625215496937,0.8372427887531663,163,17,25
0.4632160747681915,3223.5561376001833,0.8482764789177513,163,17,25
0.46479440813731554,3331.104544314918,0.8411228709017142,163,17,25
0.4739362239663289,3322.5409193214987,0.8423301487449332,163,17,25
0.46139151833825737,3239.2994238350684,0.8476886003858484,163,17,25
0.46788219189838764,3259.865625827526,0.8465946296770822,164,17,26
0.46058852986686794,3318.07606915274,0.8433787831398504,164,17,26
0.4618118395752978,3310.272767844142,0.8430550493365245,164,17,26
0.4619676061469689,3324.3875251083387,0.8418439066980236,164,17,26
0.46202797495643805,3224.593776717532,0.847902242048609,164,17,26
0.46570613365190006,3277.6055235049985,0.8447332798632005,165,17,27
0.46494422667771895,3242.4474961995534,0.8495645683714805,165,17,27
0.4597191160879361,3274.2991366896363,0.8452508478183286,165,17,27
0.46509033071140043,3373.6317270223453,0.8383244484146095,165,17,27
0.4589590698634783,3292.2003939615643,0.8426309538367709,165,17,27
0.4663267891955545,3349.557923778502,0.839363704080882,166,17,28
0.4716464567735917,3269.7632586060945,0.8471798856622168,166,17,28
0.4703743374396172,3359.9838358804236,0.8396194069929425,166,17,28
0.46428716104918144,3259.9356039048976,0.8461318856472788,166,17,28
0.4665025521191903,3232.198804795116,0.8471877222904204,166,17,28
0.46680090303847527,3221.478146708733,0.849031308003484,167,17,29
0.4734695221073145,3343.681863205129,0.8411381277521436,167,17,29
0.4660321861561231,3288.977914746162,0.8432656203513245,167,17,29
0.47261560913763284,3301.993531996026,0.8434163111640349,167,17,29
0.4602615805412041,3293.711736798675,0.844713288424648,167,17,29
0.4647163093907923,3269.0050929550753,0.8462416529795254,168,17,30
0.46678103696304873,3358.9233032977218,0.840103989256503,168,17,30
0.46864878260991777,3246.60015655788,0.8466383448459227,168,17,30
0.4681024161176114,3313.497728092862,0.8430108338144229,168,17,30
0.4618061053117136,3311.0783596959186,0.8408868813419117,168,17,30
0.4702849074625439,3327.808443604637,0.8414086914738644,169,18,18
0.46970339611884226,3328.963067374799,0.841408529668216,169,18,18
0.46496814086753124,3309.998237234591,0.8439761072702968,169,18,18
0.47738359123852747,3224.2396349052497,0.8473958559672523,169,18,18
0.4737395286716832,3370.258614727541,0.836757498571201,169,18,18
0.47256067118168943,3275.3163343138594,0.8448236007205502,170,18,19
0.4703759066259879,3332.2376824566127,0.8395870427622703,170,18,19
0.461787773555069,3319.709993931846,0.8419579262152397,170,18,19
0.4761152543701093,3325.1342401007278,0.8429515734579954,170,18,19
0.46719198390482797,3309.58527202779,0.8415786033738859,170,18,19
0.4661786990876425,3317.611237570818,0.8406841290453478,171,18,20
0.4739324869436688,3266.2508695292636,0.8446237647435597,171,18,20
0.47148139559955976,3353.1974141923356,0.8396446993778138,171,18,20
0.46603000518814275,3305.282612541889,0.8434637623162022,171,18,20
0.4681262976986498,3330.123622499486,0.841513406346581,171,18,20
0.4709968046039386,3352.5464582476907,0.8385807290004511,172,18,21
0.4690168873884793,3187.7698276135184,0.8519741785725721,172,18,21
0.46742072131752116,3335.878124084689,0.8405400102686542,172,18,21
0.4727334602572203,3347.6679553805493,0.838737007362566,172,18,21
0.46746485807385635,3326.5513509047023,0.8420751829489853,172,18,21
0.4629932423082352,3307.58676344318,0.8428509262465386,173,18,22
0.4709591751252103,3274.5811755544846,0.845144171589538,173,18,22
0.4628473473427603,3369.805485538944,0.8390143748458547,173,18,22
0.4705188684756605,3291.1107473364686,0.8437597193246567,173,18,22
0.47023662865221844,3295.099625479995,0.8424297077410483,173,18,22
0.46903686443742065,3352.286653404686,0.8398130710983054,174,18,23
0.469278250528101,3323.6574449981135,0.8419317913722766,174,18,23
0.468027028096148,3247.808270634053,0.8469024313404261,174,18,23
0.4677417091585715,3317.124092712687,0.8421319333875563,174,18,23
0.4639067526393382,3289.5600182286757,0.8431506056286981,174,18,23
0.4689391439676783,3306.645345153404,0.8425570974008784,175,18,24
0.47090984430766414,3293.675726904171,0.843182384022245,175,18,24
0.4636969837218505,3314.4876922591297,0.8421985167692181,175,18,24
0.4680245433944605,3352.3761214151646,0.8401665859857184,175,18,24
0.46630475710111063,3291.3660157987865,0.8431611576923815,175,18,24
0.46799576019136335,3340.0288986063324,0.8392770156501603,176,18,25
0.4696916202313875,3197.951779131152,0.8513121650083109,176,18,25
0.4655972458450034,3320.4454014833404,0.8418368478239944,176,18,25
0.4623512236537747,3346.5908180560305,0.8396223108400538,176,18,25
0.47554412565992965,3345.241518035345,0.8398996879805913,176,18,25
0.4678747333993421,3328.4407905192115,0.8405761602358461,177,18,26
0.4684032833609978,3315.797514076551,0.8415729660578323,177,18,26
0.46496080761930647,3314.504428057871,0.8424092317252542,177,18,26
0.47243132441548263,3345.4507087471375,0.8414329323400299,177,18,26
0.46899225416098955,3269.9980493709,0.8437705241641135,177,18,26
0.4630146013746409,3190.5611311076864,0.8499667620484563,178,18,27
0.46354710602010896,3256.15135108003,0.8472393185820156,178,18,27
0.4661879419128159,3370.40741229766,0.8374621662727926,178,18,27
0.47040612083316674,3380.0476965046882,0.8381210519152738,178,18,27
0.47092611140197177,3353.1831762009783,0.8391642691620426,178,18,27
0.468354973682041,3292.9457079082126,0.8447614927450028,179,18,28
0.46251802866648334,3293.324190687021,0.845033352617771,179,18,28
0.4662085634188087,3337.685197193931,0.8398621742507446,179,18,28
0.4678187975058875,3307.304266086848,0.841147300453008,179,18,28
0.4676245357892743,3321.992213394532,0.8409075675615495,179,18,28
0.4740954445300577,3249.9610365639137,0.8468805468532095,180,18,29
0.46079767488611306,3251.9759963670294,0.8468868545217284,180,18,29
0.4678866659144846,3347.3231447407948,0.8405403895651113,180,18,29
0.4694429144892525,3334.36765792996,0.8408984435989812,180,18,29
0.45754026688969895,3319.484482345081,0.8413025989044833,180,18,29
0.46723092935481514,3285.438149130531,0.8452409637872106,181,18,30
0.4743562772589616,3300.0226941343844,0.8428159561444453,181,18,30
0.4677697168302654,3343.168327532389,0.8395685659568886,181,18,30
0.4648211100712377,3351.9737392224733,0.8402034931816122,181,18,30
0.4712852453615324,3277.4342120829897,0.8434583906996999,181,18,30
0.47448900305746455,3313.6869073889875,0.8407701431320549,182,19,18
0.46785597416981606,3288.72123654044,0.8447865656432805,182,19,18
0.46976365080299226,3343.653156680447,0.8393086156561541,182,19,18
0.4749480899412437,3292.272030759389,0.844321341731883,182,19,18
0.47209124505651995,3356.359977428968,0.8385776797313484,182,19,18
0.4721590938174689,3383.0820813526084,0.8367784398383024,183,19,19
0.4685016566811976,3339.432180852928,0.8401770793402571,183,19,19
0.4684440638749101,3335.509498867668,0.8417779918339353,183,19,19
0.4685968104079158,3323.7545300269753,0.8409629426028198,183,19,19
0.4752565954951334,3220.7163498530786,0.8473502014003698,183,19,19
0.4707580583629266,3350.9239493029195,0.8383593103683962,184,19,20
0.4659305766957083,3239.6977017559616,0.8480420505652226,184,19,20
0.4719296540968725,3282.1674534855056,0.8437739077206333,184,19,20
0.4746605384408746,3412.1341932915384,0.8344619860852261,184,19,20
0.4700781647221692,3357.4697475141966,0.8385141612170981,184,19,20
0.47124580424976853,3349.5270435891257,0.8398526197496632,185,19,21
0.4672092081520743,3360.4421619043183,0.838962186824282,185,19,21
0.4662175908584067,3219.968389667696,0.8483148810560842,185,19,21
0.4685026931690035,3289.0121598353708,0.8433836481216701,185,19,21
0.46536945366825955,3379.332333567607,0.8369207763434924,185,19,21
0.4692731943966164,3347.118319325243,0.8396050384069409,186,19,22
0.4688656373894583,3346.994926984713,0.8399388160735332,186,19,22
0.47057145296068337,3323.2038265464807,0.8413683172957024,186,19,22
0.47140842963662155,3365.2916839198274,0.8381393528715109,186,19,22
0.46560201287035036,3211.7370840301323,0.8487645819099403,186,19,22
0.468442091449549,3359.436248483368,0.8380021718206836,187,19,23
0.46451388943110283,3298.658295461499,0.842705363313195,187,19,23
0.46112288983861444,3324.759326248697,0.8417811723783988,187,19,23
0.47305724533029603,3292.4052442425896,0.8442365088406645,187,19,23
0.4713582307781415,3313.2349644332326,0.8416627934001101,187,19,23
0.4680705321882094,3322.857082488873,0.8414134886125924,188,19,24
0.4683216094883947,3361.7253275686253,0.8376487579849211,188,19,24
0.46933114960411193,3350.1223865459515,0.8391578496979331,188,19,24
0.46985260858072025,3307.932013392901,0.8439334827929402,188,19,24
0.4700014232164806,3283.9367530815725,0.8425713405331826,188,19,24
0.4718409319707739,3326.5703614673957,0.8424390938937025,189,19,25
0.4691741816894574,3273.772542506504,0.8448386083125061,189,19,25
0.46420825501279717,3321.84951260176,0.8406061558213584,189,19,25
0.46360918577419546,3368.352450701911,0.8392031720241203,189,19,25
0.47371069945721855,3309.9952787645793,0.84013114882227,189,19,25
0.4678334392598452,3280.062671218697,0.8450038574473366,190,19,26
0.46929845638742057,3270.052533473283,0.8451247734709189,190,19,26
0.463993306248356,3334.7836041903215,0.8395976549819777,190,19,26
0.467857842756894,3379.8080097617008,0.8369403592834455,190,19,26
0.46933084584239204,3307.3095383057052,0.8432604525626397,190,19,26
0.46145313956900935,3303.774492946997,0.8437095835285846,191,19,27
0.4748542349934748,3388.191671453337,0.8368728755809998,191,19,27
0.4635899151922892,3286.2612293510933,0.844239282329078,191,19,27
0.4629568319367551,3300.7981548541347,0.8439126159040307,191,19,27
0.4701184175805824,3289.7259104334353,0.8415030395018513,191,19,27
0.46919367084056557,3378.405587574894,0.836249785038806,192,19,28
0.46569889147521654,3328.321813877653,0.8415473958536084,192,19,28
0.4664722686552978,3332.8637516080657,0.8410591901153266,192,19,28
0.47208018207323055,3334.239005307863,0.8403096228362498,192,19,28
0.46968871141514335,3241.2435507990085,0.8466608860595729,192,19,28
0.469265284365772,3233.7828619995153,0.847152674381499,193,19,29
0.46598801188471445,3371.578532804437,0.8375134985874731,193,19,29
0.4663257151344475,3309.606661463319,0.8419741604515297,193,19,29
0.47665544245153835,3348.3642569340727,0.8396103543862532,193,19,29
0.4572451213401719,3325.242808075196,0.8421177763902694,193,19,29
0.4661400123052052,3282.5393241620673,0.8445578024466617,194,19,30
0.4729463533018669,3294.6243019917283,0.8438486528654371,194,19,30
0.4668441507937073,3315.2394658452013,0.8406324239141267,194,19,30
0.462669650615761,3358.4342959398673,0.8392225151928119,194,19,30
0.4699926288688073,3373.83780649147,0.8366359046316455,194,19,30
0.46809673760762077,3273.3928666315596,0.8455999520590207,195,20,18
0.4785842274966244,3356.5949892901363,0.8383643708595367,195,20,18
0.4663954333795543,3331.3768182650897,0.8409643579151482,195,20,18
0.4737308141741272,3394.900671791504,0.8349502026430171,195,20,18
0.47057348746957667,3301.969208077562,0.8417887351519002,195,20,18
0.46937230677813024,3341.330758341212,0.8405809866488604,196,20,19
0.46645677763821797,3334.184823987234,0.8398629545844155,196,20,19
0.46734626467243506,3355.3525380941483,0.8392271160088433,196,20,19
0.4787598537547274,3265.6326784718376,0.8443098494999,196,20,19
0.47209651857493606,3382.409241937414,0.8357463710516044,196,20,19
0.47147474210871737,3336.5677565934984,0.840283615571431,197,20,20
0.4727836713520762,3361.1000039109576,0.8390386478107459,197,20,20
0.47259342341340943,3336.804070442282,0.8402997623632449,197,20,20
0.46134561362729964,3343.282088260331,0.838282658040882,197,20,20
0.46685428397743006,3275.1525836616183,0.8443293112224277,197,20,20
0.46441338922400627,3327.3408206894933,0.8427131451766553,198,20,21
0.46792805180132246,3348.419085978706,0.8386663455582667,198,20,21
0.47119084828251023,3292.069251034342,0.8432227840572165,198,20,21
0.4676215615194768,3317.2126908923033,0.8418403511695187,198,20,21
0.4713553189586177,3351.3680346567176,0.8373211002030012,198,20,21
0.47091691640235883,3371.6446063778308,0.838066848535908,199,20,22
0.4733398916741753,3294.635527940997,0.8420293813985628,199,20,22
0.46699975637077196,3305.377245311794,0.8424273381355349,199,20,22
0.4676917162927119,3361.4267282288474,0.8392004636732778,199,20,22
0.46573671694255536,3314.899002979542,0.8409986504885902,199,20,22
0.46630137994836246,3281.5498741881315,0.8438807029212304,200,20,23
0.46720440465131435,3379.9541022056137,0.8361915806828698,200,20,23
0.4724981423476304,3309.9013281438774,0.8440317942990039,200,20,23
0.4668312440230206,3324.0308468159255,0.8398285054916508,200,20,23
0.4698625902606885,3372.77025214439,0.8367566994973673,200,20,23
0.4806359184287723,3381.719429314759,0.8362785866280451,201,20,24
0.4635606118657478,3358.751582330779,0.8379002804571869,201,20,24
0.4707151586248691,3314.54369303939,0.8420777557858391,201,20,24
0.46570955261713176,3368.5696404571836,0.8381617270858905,201,20,24
0.4672533185312015,3238.9484133296564,0.8468543651704755,201,20,24
0.4680636884889182,3331.966226712747,0.8402263868368003,202,20,25
0.46924737118837956,3295.2203838084897,0.8427156443903285,202,20,25
0.46973924428983554,3347.3256109209333,0.8404708165780219,202,20,25
0.4646416793459865,3394.6426561884555,0.8372989708039875,202,20,25
0.4603138542716768,3257.858086761697,0.8440117624370537,202,20,25
0.47325028554718995,3300.1842318585113,0.8435467686096,203,20,26
0.4717782700117127,3395.3210784770063,0.8359135854756843,203,20,26
0.466374153426101,3347.3329280857006,0.839529940466161,203,20,26
0.46248194364609807,3240.1143245405774,0.8473670937006572,203,20,26
0.46947041361489383,3375.287537298939,0.8352601600590306,203,20,26
0.47140158982414326,3296.27999339917,0.8426032206740189,204,20,27
0.46736143685468007,3393.233324796104,0.836390255057349,204,20,27
0.47000861271325883,3350.945197130416,0.8383895491488763,204,20,27
0.47367660435829384,3297.947567471627,0.8417831425690359,204,20,27
0.47456070171901743,3335.3694793721806,0.8410700012744412,204,20,27
0.46483060721245417,3339.749071663872,0.8399480846881429,205,20,28
0.47103606952667604,3385.608400286443,0.8365250135637433,205,20,28
0.4714691129544069,3309.2866606209027,0.8430603070927443,205,20,28
0.46763314050058635,3358.6629087261117,0.8393636508843761,205,20,28
0.4758421105771962,3245.215163886141,0.8447045437647882,205,20,28
0.4644051027034867,3277.101002510155,0.8435152913605848,206,20,29
0.47557808330273027,3294.7242281713075,0.8426658646821131,206,20,29
0.47045038371117276,3347.2325929624276,0.8395724606419485,206,20,29
0.4754436347738363,3404.0024133051825,0.835986902966494,206,20,29
0.4683773847119651,3370.0246551650303,0.8366321743211924,206,20,29
0.4705437028109098,3379.4667313809487,0.8364013196970561,207,20,30
0.46968465472568593,3318.9568871979204,0.8400098787978123,207,20,30
0.46846460720089744,3278.628191843753,0.8439009922822934,207,20,30
0.46658858731820224,3341.7238215607554,0.8415399365652813,207,20,30
0.47051291927229466,3338.438692260568,0.839941326394265,207,20,30
0.47452397561693527,3339.466606588572,0.8394547189029348,208,21,18
0.47497659922728974,3318.0883632252885,0.8417303630330184,208,21,18
0.4760107481239677,3366.2093899819456,0.8358983387363822,208,21,18
0.46967450291987234,3343.809223694694,0.840893534318939,208,21,18
0.47021791553934056,3345.2447642759294,0.8384602304948086,208,21,18
0.4730704760608686,3361.891364256885,0.8378311399184049,209,21,19
0.4724109398364301,3325.8990111917374,0.8408961844929448,209,21,19
0.47387263116027317,3368.810599913879,0.836791161714683,209,21,19
0.4705227223791794,3306.1298132327665,0.8429737540750739,209,21,19
0.4779068922257585,3354.570894079234,0.8375360155529333,209,21,19
0.466702070020346,3358.1340462224966,0.8402166649542017,210,21,20
0.4738834585468078,3339.654258121035,0.8394925453498654,210,21,20
0.4764068172450529,3360.108367034952,0.8360626188678535,210,21,20
0.47173456807032554,3338.0173251614747,0.8405362121908442,210,21,20
0.46989923868829275,3329.7175543428853,0.838896473787401,210,21,20
0.47732750328424517,3394.003587788007,0.8359927172127306,211,21,21
0.4724725926633806,3394.421290010729,0.8351564147582992,211,21,21
0.4664545636483285,3349.606157001283,0.8398478717387269,211,21,21
0.4775409765965131,3353.0471162215267,0.8378572453275377,211,21,21
0.47077165772911705,3217.644660125735,0.8479685170405429,211,21,21
0.4658362377694317,3361.495155538566,0.8379612566117087,212,21,22
0.4691992058562013,3306.5232178432893,0.8426981750382525,212,21,22
0.475908356596904,3357.8915704803258,0.8370682015019422,212,21,22
0.4714358668033111,3365.4116399163936,0.8379367783793112,212,21,22
0.469279539848201,3373.638665639194,0.8357677853743062,212,21,22
0.4808256199315095,3258.11134293681,0.8439722011392878,213,21,23
0.4719712313869603,3380.118167799608,0.8368006836262245,213,21,23
0.46846077930578217,3380.1701875117014,0.8370114841703539,213,21,23
0.4725289866841446,3409.405316444963,0.8364873904344696,213,21,23
0.46762874186322223,3307.526378976087,0.8400497617134416,213,21,23
0.47197795125343023,3423.6128933941686,0.8346625925019042,214,21,24
0.47916849510221543,3403.4937848802047,0.8344221401957295,214,21,24
0.4695652342077119,3349.0023650179746,0.8391076230373055,214,21,24
0.47157521999669394,3340.2522024650966,0.8392015609605852,214,21,24
0.4719928200370393,3228.786046514088,0.8459670536095278,214,21,24
0.4723307568584144,3290.4874155532775,0.8422325287947408,215,21,25
0.46920206116408686,3395.436635831733,0.8356783202345304,215,21,25
0.47262718958340677,3405.207238923234,0.8364644804106565,215,21,25
0.47173681270446316,3297.4657456365544,0.841584121949945,215,21,25
0.4732230958367946,3352.101793009025,0.8378522359602363,215,21,25
0.4667811799447215,3359.057944985572,0.8370928883705901,216,21,26
0.47208643644667647,3393.386106553098,0.8360317386013149,216,21,26
0.46895822379403196,3236.8365947122934,0.8473543601648943,216,21,26
0.4695261272654796,3412.3493215381836,0.8343246023930353,216,21,26
0.47369352456128133,3326.0440275290503,0.8401820478126285,216,21,26
0.4744864206554399,3355.862166868041,0.8380579993721511,217,21,27
0.4743549866421802,3385.862767253033,0.8363493579148346,217,21,27
0.467955016197381,3286.075880680873,0.8423893671092997,217,21,27
0.47464331608382304,3313.584082822742,0.841893962278536,217,21,27
0.47210778515829604,3401.453461129477,0.8348944713577436,217,21,27
0.4680387489208401,3342.866343901015,0.8393324637075169,218,21,28
0.47176957029499844,3260.592397341844,0.8454358410777408,218,21,28
0.472346552556037,3384.284783807134,0.8375246506463301,218,21,28
0.4692056782481906,3418.3445356217126,0.834738118742253,218,21,28
0.4758968470409008,3321.1211498322346,0.8380174222130043,218,21,28
0.474198002451127,3370.749218767788,0.8370112799109071,219,21,29
0.48128919602064496,3341.5079071190307,0.8397432983703282,219,21,29
0.4705777847826164,3306.9626163149496,0.8429193739173456,219,21,29
0.47687430716314666,3410.0424407263863,0.8328190130794996,219,21,29
0.46793021502301463,3330.8541798795886,0.839372716887065,219,21,29
0.4768579092351381,3375.915196224069,0.8358653994069236,220,21,30
0.469078165099485,3359.119188634413,0.8382422704848119,220,21,30
0.4763295030079895,3365.982319649969,0.838382981976669,220,21,30
0.4748586200503928,3306.7725427703676,0.8416103748933192,220,21,30
0.4722674147413608,3341.1150027023514,0.8389112980079315,220,21,30
0.47485035872370845,3384.8501088482535,0.8357675902093408,221,22,18
0.47570228844600315,3342.176940989894,0.8389127036315611,221,22,18
0.4761780950208712,3368.4274624967784,0.837557484494983,221,22,18
0.4724950030571601,3388.6483349712544,0.8358671637406134,221,22,18
0.46998391462521244,3297.8640341916957,0.8417251322592061,221,22,18
0.476891631803559,3393.697266438651,0.8374083458738094,222,22,19
0.47104723983749774,3311.5816162118917,0.8410584203469578,222,22,19
0.4842574543016591,3426.840181723954,0.8318894084516795,222,22,19
0.47675251706597077,3383.356805666879,0.8368752802405917,222,22,19
0.469644760787971,3281.9422215585987,0.8410487045020185,222,22,19
0.46929954701037985,3308.2007164229594,0.8423339937264546,223,22,20
0.4728002253542577,3310.9802299464777,0.8405999532248563,223,22,20
0.4710982221870686,3326.2819069813154,0.8404086238108857,223,22,20
0.47276323317526137,3378.995021259936,0.8371467935437471,223,22,20
0.4705052661934376,3415.795328506323,0.8333306305828863,223,22,20
0.47285092749276514,3385.1244157181736,0.8342770468459008,224,22,21
0.4709805768596721,3300.8441678786003,0.8436417478562956,224,22,21
0.474815015504627,3302.611166705542,0.8416091467314661,224,22,21
0.47303844764110614,3427.6431570280524,0.8325844303672931,224,22,21
0.469954951169022,3369.6360191506997,0.8372335550846,224,22,21
0.48051599029738035,3280.524119855,0.8431329191297369,225,22,22
0.46911029185521075,3390.9640243839503,0.836303255522934,225,22,22
0.46942422032616105,3355.510689352366,0.8380320141080577,225,22,22
0.4755207864729702,3385.7154283910636,0.8358862008628491,225,22,22
0.46990065908478273,3376.643922261926,0.8357485157985097,225,22,22
0.4749668984888498,3306.7010753237373,0.841893692258296,226,22,23
0.47184493024317253,3409.1676391712026,0.832831029656538,226,22,23
0.4760077753305552,3375.039158883468,0.8361695441087733,226,22,23
0.47163986572666133,3382.162375627322,0.8376115561045775,226,22,23
0.4688161747611847,3342.977558464402,0.8379738502783274,226,22,23
0.47930165393258906,3397.323979967771,0.8336334166687043,227,22,24
0.4646803326514538,3324.3505331326646,0.8409650478700388,227,22,24
0.47038509643345744,3415.9640807215173,0.8344233544684018,227,22,24
0.47133357583877783,3364.4518921274534,0.8369109856520062,227,22,24
0.47332996335942845,3299.006757209302,0.8420040428426512,227,22,24
0.46806136070290827,3320.3347344217177,0.8404153686745014,228,22,25
0.4742298306895499,3312.4927689337587,0.8418111580813187,228,22,25
0.4694890636472965,3407.1018099104085,0.835122130599965,228,22,25
0.468018156556599,3370.7276036232574,0.8373025250080021,228,22,25
0.47656075331400405,3349.5458656152614,0.8372639798982353,228,22,25
0.4744420379868334,3374.519573071119,0.8352279458446439,229,22,26
0.4794536246595489,3294.1744570178266,0.8416210956118366,229,22,26
0.4741000708750027,3392.3557195737767,0.8351444567559221,229,22,26
0.4736821801099714,3382.874175524263,0.8369559437569907,229,22,26
0.46595452760384265,3374.5012725942493,0.8373419149649746,229,22,26
0.4704779771560874,3393.4177901862436,0.8361826819792082,230,22,27
0.4721818314222198,3382.645867589699,0.8367839655994913,230,22,27
0.47259681977507256,3340.672246377335,0.8386741286064294,230,22,27
0.4733096263994835,3276.1019898518202,0.8444386491317695,230,22,27
0.46779312372579307,3388.102853665292,0.8337736119065052,230,22,27
0.4704845323308969,3332.0371563497088,0.8387361349570769,231,22,28
0.47193116316700806,3339.9875912526836,0.841114583059859,231,22,28
0.46753778158186954,3369.588985490885,0.8383063466139213,231,22,28
0.46913437857915546,3342.058042511979,0.8399652013141944,231,22,28
0.4762879934268421,3359.597939007878,0.8353683778901644,231,22,28
0.4756475289615221,3327.720916496311,0.8393176101173704,232,22,29
0.46750025525872957,3268.8358865345654,0.8449248609461113,232,22,29
0.46820683643659705,3404.569002744312,0.8352745386346562,232,22,29
0.46939673241585156,3362.5189920809635,0.8377814533035259,232,22,29
0.4677647663792016,3397.0668051603043,0.8345376047313963,232,22,29
0.47096226100606464,3308.873391551266,0.8422255795491833,233,22,30
0.47180557037945364,3340.8103262894224,0.8407259705540419,233,22,30
0.4746409425738819,3412.1261115477914,0.833969115668028,233,22,30
0.46893842039561984,3397.3749516565886,0.8357436829657205,233,22,30
0.46036118304138696,3308.3274716735277,0.8384915738532409,233,22,30
0.4735548817699205,3326.061718756531,0.8403484255049237,234,23,18
0.4784037746352258,3356.1137147398704,0.8372527331018547,234,23,18
0.47624814171899227,3366.325920910275,0.837037146144102,234,23,18
0.4791942673609383,3397.111992058442,0.8354913309342249,234,23,18
0.47629304208558537,3386.3030580972786,0.8348619932917118,234,23,18
0.46954271249052015,3340.321236410898,0.839499832303428,235,23,19
0.4766064863955946,3335.3180541641473,0.8384917951679587,235,23,19
0.475473040114413,3341.6309227875145,0.839493843599549,235,23,19
0.4808624619261364,3398.0225750313225,0.8363960341435178,235,23,19
0.47993462912127366,3419.3425929820683,0.8307594926338685,235,23,19
0.4722585900318071,3388.299129271775,0.8347332500658651,236,23,20
0.4766869281145378,3364.084157335619,0.8371498958163421,236,23,20
0.4737961096700759,3357.504508896782,0.838055828060483,236,23,20
0.47511115751270494,3335.7812256598218,0.8389221182966184,236,23,20
0.47539975405080653,3410.307635061329,0.833804574364985,236,23,20
0.478029848695384,3354.227349261469,0.8383296906220681,237,23,21
0.47154578238677786,3404.925753767708,0.8345351219471051,237,23,21
0.4648011324063613,3317.0838286053663,0.8415978319690589,237,23,21
0.46931891953321647,3418.2642458345663,0.8333067308121358,237,23,21
0.4764439425779607,3325.8433744693098,0.8383200059600774,237,23,21
0.4770858288841362,3360.8251020195576,0.8359260027870078,238,23,22
0.46646789021879326,3375.2041598028054,0.8360675101220763,238,23,22
0.4714532894739444,3342.4925591224446,0.840050002609388,238,23,22
0.4799459706574564,3416.5011419247685,0.8344405705659723,238,23,22
0.4743828288386279,3341.4231616555653,0.8380501071026643,238,23,22
0.46971269131943566,3367.0517535277286,0.8358187804595382,239,23,23
0.47123057894145687,3315.0237766987316,0.8398916249597185,239,23,23
0.47340195087726505,3440.6708714084884,0.8318676524961073,239,23,23
0.4694789987052652,3294.506197906603,0.8439200357317413,239,23,23
0.4775301340334574,3399.8865815895197,0.8348422980099316,239,23,23
0.47387341213191314,3389.9619431289666,0.8350586955721968,240,23,24
0.4778343651740858,3267.8316297510523,0.8440573311703412,240,23,24
0.47212872447008314,3382.902421785216,0.8364925874987221,240,23,24
0.47816761103803435,3437.731993514574,0.832493388282883,240,23,24
0.472230663147419,3376.151355455038,0.8346471466956381,240,23,24
0.4672981797901294,3392.6865758109557,0.8351993364241659,241,23,25
0.47207495759186574,3291.40408189479,0.8427542278706722,241,23,25
0.4700267701694634,3393.8849517494787,0.8361948833904493,241,23,25
0.4727601716916431,3426.219827922771,0.832913548947704,241,23,25
0.4724531648396846,3306.320322022902,0.8399848053523278,241,23,25
0.47309620526019047,3396.2042452407013,0.8350801421637043,242,23,26
0.4681394127028405,3394.1646650144785,0.8346554888719048,242,23,26
0.47290901736727364,3373.4429051524708,0.8369901991009793,242,23,26
0.47344563740783824,3327.063541351564,0.8414591169225215,242,23,26
0.4729906981742691,3320.211690919959,0.8387888048938744,242,23,26
0.47289856719396556,3334.856819875603,0.8401477794570483,243,23,27
0.46607687633492584,3331.7313635361156,0.8388747291749681,243,23,27
0.4727846076650764,3329.975799852789,0.8398227822446801,243,23,27
0.47393811133482,3397.3982559029014,0.8347854741457824,243,23,27
0.4782321831714567,3422.5229877469696,0.8328392928189736,243,23,27
0.46912774339023683,3403.1822599399025,0.8342070211033592,244,23,28
0.4764106838024399,3395.871136988769,0.8357630428567197,244,23,28
0.4771112594320029,3352.3029772154896,0.8376673647124829,244,23,28
0.47275944086954474,3306.21420244129,0.8405799880637831,244,23,28
0.4707340337047955,3385.9830162047283,0.8356609792567602,244,23,28
0.469260576996655,3382.047403113387,0.8370446456514444,245,23,29
0.4716456134481443,3385.525012463662,0.834686938844272,245,23,29
0.47675377300842775,3311.163558462392,0.8413912795309171,245,23,29
0.47407461211017765,3364.1460226047907,0.8372379287739151,245,23,29
0.46836133416052084,3380.7276163160236,0.8354136751207224,245,23,29
0.4684961515385194,3401.542238157009,0.8352320762722136,246,23,30
0.4718858671536314,3339.470885390992,0.8377562217445865,246,23,30
0.46964321015650623,3349.242807319725,0.8377795022316651,246,23,30
0.4679280735957816,3385.8370121957637,0.8359485120792584,246,23,30
0.4733075930798514,3370.26853667271,0.8368987047752519,246,23,30
0.47994492927549615,3416.759322189598,0.8327787881791964,247,24,18
0.48207952403528315,3370.2534506276284,0.8372750321756905,247,24,18
0.47688381758248444,3352.860310226327,0.8385429948274067,247,24,18
0.4787545836679801,3408.715005938822,0.8338611011183805,247,24,18
0.4752476415725027,3339.069276557534,0.8371154842172812,247,24,18
0.47704612715701034,3411.8982021455517,0.8347914180061398,248,24,19
0.48413256552578576,3429.2312770254152,0.8322645485017168,248,24,19
0.4752459663273581,3364.8884012961826,0.8370848734456334,248,24,19
0.4773016707689725,3382.646052753673,0.8361061707527153,248,24,19
0.47777534225395746,3296.7237891530694,0.8395652578578983,248,24,19
0.48005625249545275,3391.032806387285,0.835585373384407,249,24,20
0.4764860287073645,3369.915691787011,0.8358236940631953,249,24,20
0.46809351774730523,3396.71975542519,0.834220889916891,249,24,20
0.47695310362422827,3438.728605646201,0.831983098353081,249,24,20
0.46923462334512256,3288.479565228745,0.8422266163789909,249,24,20
0.47069028666807006,3346.4975253662,0.8376292276831567,250,24,21
0.4711548198740361,3432.2941325233023,0.8316216252181154,250,24,21
0.4742615271709548,3334.9459941165564,0.8386804164367941,250,24,21
0.4695771266366952,3396.8617862808105,0.835678807881564,250,24,21
0.4736050678253367,3353.76581455897,0.838231451874953,250,24,21
0.4711470731193384,3424.5202143328256,0.8327682494911318,251,24,22
0.47665534462514075,3395.873585023141,0.8338095509343447,251,24,22
0.47225276545490674,3330.986374428855,0.8395157608050751,251,24,22
0.4750628921813541,3353.3602953186614,0.8386459260799883,251,24,22
0.4718979523287236,3382.8362028453566,0.8348302793861471,251,24,22
0.47390048018052616,3371.290503938678,0.8380090372586398,252,24,23
0.4800443798998779,3412.7732260696203,0.832718866565421,252,24,23
0.4763139786223631,3424.118542857449,0.8324505463860008,252,24,23
0.47687661425281613,3371.420149364405,0.8365073592645,252,24,23
0.47995002254326335,3329.0802519842928,0.8378307134702169,252,24,23
0.47470305474619706,3335.700884345446,0.8390061322227608,253,24,24
0.475827053126843,3416.1060275800905,0.833436547815451,253,24,24
0.47965716499505284,3455.019487196921,0.8299322477004308,253,24,24
0.47372285822465,3369.8117019371775,0.8375712292620481,253,24,24
0.468164158131535,3319.6051198443333,0.8387768888240641,253,24,24
0.4671108245772071,3259.26676632095,0.8456068954486228,254,24,25
0.47354480800586873,3420.969903327238,0.8346918800365402,254,24,25
0.4750286594609761,3449.4071896413448,0.8301176200374094,254,24,25
0.4817038295114528,3387.662792581859,0.8347297554480793,254,24,25
0.47473772565304284,3365.1592886682092,0.8348057182529929,254,24,25
0.4744743241302071,3390.1229655951447,0.835355388845594,255,24,26
0.4810096234964762,3374.2163049071883,0.836213307082336,255,24,26
0.47404889706131237,3415.3625093596374,0.8336565508750751,255,24,26
0.4697389314443733,3338.058386713952,0.8392286405143035,255,24,26
0.4787798507247696,3397.985212144041,0.8323673054177496,255,24,26
0.48068046536382547,3378.6947952808555,0.8359440209200442,256,24,27
0.47642821636731714,3414.6556434459185,0.8309384312101573,256,24,27
0.47768748886975987,3402.3273589186556,0.8342069110430705,256,24,27
0.47555168909009365,3334.758352856594,0.8407920505132206,256,24,27
0.4752850203614668,3383.4860714842907,0.8350565745775022,256,24,27
0.46837651440038874,3257.3291629453925,0.8458251141428873,257,24,28
0.4723523481192872,3444.4072418539336,0.8307591457103173,257,24,28
0.47313972347087485,3369.4538005651066,0.836244008428982,257,24,28
0.4764921627593963,3383.797283681575,0.8351339675299467,257,24,28
0.4767245761421744,3422.074138096358,0.8325376258714778,257,24,28
0.4711926604672097,3385.6030869018723,0.834928475592712,258,24,29
0.4788800648887017,3422.1274175414856,0.8332701082697656,258,24,29
0.47715523778043145,3246.62933791112,0.8452748005377302,258,24,29
0.4700976201888735,3431.865182366401,0.8321973531366992,258,24,29
0.4782885841526811,3389.416965985212,0.8350270290003647,258,24,29
0.4745111760971998,3408.10455188329,0.8331123591570773,259,24,30
0.47253379443639637,3366.2409839082966,0.838052200342755,259,24,30
0.4749971471076436,3318.0326447958123,0.8390530589578484,259,24,30
0.47053244003469014,3402.191611788866,0.83481218193752,259,24,30
0.4746480341894815,3377.6639001989793,0.8360510036145251,259,24,30
0.4872488638748056,3375.93960406393,0.8348496970391015,260,25,18
0.47412448039201677,3444.555917811645,0.8314455187957139,260,25,18
0.47907792614456607,3366.5172704857437,0.8359370057352362,260,25,18
0.47981769591941326,3443.590516217409,0.8302675644435691,260,25,18
0.4746246142592287,3354.7604605694937,0.8375579266040956,260,25,18
0.47396574443998657,3444.189781136274,0.8300866958332123,261,25,19
0.47624276939464855,3406.766890023866,0.8344437106881427,261,25,19
0.47204229627536276,3304.3134961601268,0.8412442070017283,261,25,19
0.4750659518209072,3358.8491033284727,0.83685483676738,261,25,19
0.4712980791857661,3391.5880972242626,0.8351671612936602,261,25,19
0.47839416073855195,3354.4327759364082,0.8372535943290701,262,25,20
0.47130642420176794,3345.1736580611228,0.8390940566047121,262,25,20
0.47519714195893525,3451.498381628858,0.8319287243719677,262,25,20
0.4747326905819827,3419.9535690647363,0.8330951002151032,262,25,20
0.4766104401791587,3346.7573381215293,0.8352491732215033,262,25,20
0.4669063040009883,3383.700992812589,0.8360402778329321,263,25,21
0.4716966122218698,3325.3215768339796,0.8408878946281955,263,25,21
0.47386765618590426,3425.2753037367656,0.8328628173861684,263,25,21
0.4765743396931532,3405.9797595632504,0.8338511150560253,263,25,21
0.4718996391792198,3340.6277106525777,0.8365671340141841,263,25,21
0.4791563144177416,3435.135833504067,0.8314082202130348,264,25,22
0.46718674647399744,3293.437119161616,0.8426979863989568,264,25,22
0.47286720481707595,3436.966989268437,0.8324758614266463,264,25,22
0.47515059721116165,3363.7777033483585,0.8378423766142811,264,25,22
0.4687066258308176,3365.737239475878,0.8343626751409571,264,25,22
0.474745254366099,3356.2571620388744,0.8370586579586028,265,25,23
0.4777053714216308,3340.1263737877916,0.8363253445844272,265,25,23
0.4727983168130578,3422.286862946571,0.8335189930520994,265,25,23
0.470830385044004,3420.7143737148745,0.8336862918377244,265,25,23
0.4770758664559679,3403.581665022153,0.8336257346091714,265,25,23
0.47022145162276446,3343.749628816171,0.8391245872944767,266,25,24
0.4759637940606376,3358.629127879225,0.8374709344831488,266,25,24
0.4736609322736219,3388.032222502938,0.8344794728467915,266,25,24
0.475040275062292,3414.399646917113,0.8337493840317582,266,25,24
0.47467552548296427,3418.156583444338,0.8312857797356296,266,25,24
0.4733284372113108,3354.2718754922607,0.8360085938938984,267,25,25
0.4799991381512026,3403.320468140591,0.8334999086906398,267,25,25
0.48330324487503645,3436.1317637942034,0.830579619859999,267,25,25
0.4762769127728869,3404.3928108636055,0.8354475561473661,267,25,25
0.47433361507298916,3380.0248691156917,0.8352169308266887,267,25,25
0.4760390213063492,3420.0552016285856,0.8310152301698757,268,25,26
0.4776767216256241,3373.2484706040323,0.8368227647114745,268,25,26
0.47591851007943875,3426.266663339998,0.8330403052300944,268,25,26
0.47160680002376343,3356.6627551697484,0.8372032757695665,268,25,26
0.4727483320784386,3376.3580797129252,0.8351530785106396,268,25,26
0.47355373620153307,3396.6852335010663,0.8339459732697891,269,25,27
0.4797300435960654,3340.259087839695,0.8382576016304616,269,25,27
0.47114542729221054,3353.0659439339797,0.8376525793869635,269,25,27
0.47262200550720596,3439.361108074575,0.8323712856576312,269,25,27
0.47644382008655006,3382.4893028490137,0.835010844742295,269,25,27
0.4784357653100048,3387.671171251938,0.835209687203316,270,25,28
0.4748589645658245,3346.9708974170226,0.8393291787539608,270,25,28
0.4738221854160265,3433.6452007291773,0.8318671700453368,270,25,28
0.4693994654721667,3381.5327074353445,0.8356799546879341,270,25,28
0.47475566111592166,3373.8236841986536,0.8339640925413951,270,25,28
0.4811274672049971,3443.197539543529,0.8314576114877812,271,25,29
0.47742850495272765,3364.1623800508846,0.8362564527509087,271,25,29
0.4718120966968859,3334.5077572802847,0.8391070253958616,271,25,29
0.4738013892722885,3384.265738354977,0.8336208118911663,271,25,29
0.47774987317483075,3436.7646514684807,0.8318072860536025,271,25,29
0.46659307688555113,3330.7657403847993,0.8386366729724263,272,25,30
0.4760924417177418,3375.3502148380608,0.8347300598036872,272,25,30
0.48029508282333616,3414.360315859455,0.8331070085578544,272,25,30
0.4698511883494014,3408.1457924743936,0.8347766865145336,272,25,30
0.4726798453489293,3397.619515718151,0.8345862620696903,272,25,30
0.4854356258836704,3461.3513084734004,0.8293743414009063,273,26,18
0.4839542057086465,3441.0335974832547,0.8312950863376314,273,26,18
0.4760028383353961,3295.1334269251092,0.8422057898189083,273,26,18
0.47894242921760255,3365.8112337755024,0.835747713590596,273,26,18
0.4737321140664722,3429.285255966389,0.8306579443411107,273,26,18
0.47065861574574364,3371.58473557238,0.8356396552282971,274,26,19
0.47669460557723603,3359.531147383028,0.8362788877036913,274,26,19
0.484138835337506,3501.6994922737817,0.8268064407355207,274,26,19
0.47650470364445985,3386.9823690324647,0.8347125772527885,274,26,19
0.4739900203361909,3361.851023831141,0.8369775003534681,274,26,19
0.4818642240041653,3411.369781265822,0.8320893539856615,275,26,20
0.4800579912594779,3365.377892503845,0.8372432944279738,275,26,20
0.47840495279605116,3340.0850935178473,0.8380596705650143,275,26,20
0.4751922094744472,3443.782588493914,0.832052819109262,275,26,20
0.4797697446865653,3410.1261554172106,0.8320203247198591,275,26,20
0.4723426741327531,3415.420075755289,0.8326146911930902,276,26,21
0.4809439456385481,3442.007665528303,0.8298554087463955,276,26,21
0.4779533592831222,3353.632778851869,0.8378655661608616,276,26,21
0.47511937631432954,3390.3875273084623,0.8347529705036663,276,26,21
0.4799330302554734,3393.6933775672305,0.8340013633626834,276,26,21
0.46794007153214046,3429.817825341842,0.8330850143849154,277,26,22
0.4764212691836601,3393.793719307651,0.8329527197481046,277,26,22
0.4658232288979055,3425.039579850015,0.8326639233674928,277,26,22
0.47178455749709663,3359.9986674143393,0.8371762465829442,277,26,22
0.475667920116166,3364.335248862572,0.8353963469694575,277,26,22
0.4748649275188707,3452.6973550274647,0.8312165016848585,278,26,23
0.472106340901578,3391.067777511359,0.8336225054722075,278,26,23
0.4786969073319672,3355.149128249733,0.837477626236012,278,26,23
0.47405692031872215,3361.239282854117,0.8366241647472807,278,26,23
0.4755796085068913,3407.401741794046,0.8328651554600872,278,26,23
0.4769204796245548,3419.1390876336095,0.8322632592523473,279,26,24
0.48077087383537315,3341.347776286659,0.8393374180904638,279,26,24
0.4702497308291464,3356.1205543504493,0.8375635099237104,279,26,24
0.47035843768705404,3419.2107060693247,0.8321513278764293,279,26,24
0.4836806483739791,3424.141271976534,0.8311797442783844,279,26,24
0.4722091631782231,3298.9310146492917,0.8416508330757786,280,26,25
0.47922094180028296,3421.6808643360214,0.8324628757939886,280,26,25
0.4777065243971412,3442.480913991873,0.8300227425621112,280,26,25
0.4804026079574872,3450.9430156491335,0.8302590053146371,280,26,25
0.4730776583385914,3396.244693701069,0.8331700593849373,280,26,25
0.4771074828602094,3404.2394775231,0.8335480782837537,281,26,26
0.4749586926989445,3388.2178674583643,0.8351420839591664,281,26,26
0.4745814707154155,3396.0294082638015,0.8352086759895667,281,26,26
0.47616720305810145,3361.8408948302435,0.8373569492135631,281,26,26
0.47816494156681166,3444.882933195795,0.8277486309003255,281,26,26
0.47792587782325,3393.653628538515,0.8348041269234876,282,26,27
0.48382631904626894,3405.3523974304508,0.8347570613048825,282,26,27
0.4667194634389021,3382.0316297386526,0.8348736288025267,282,26,27
0.4741343974477739,3399.905880514433,0.8341572815740514,282,26,27
0.47268696391285875,3377.011782759452,0.8341576998058637,282,26,27
0.47880720430920576,3348.984265978725,0.8377847715652644,283,26,28
0.4705904337445099,3394.262372481154,0.8348663584841945,283,26,28
0.47412641372749287,3432.1860997938593,0.8314573203819697,283,26,28
0.4801241650792183,3452.119991154208,0.8302735603893192,283,26,28
0.4698076735060432,3353.924071118933,0.8360556987116634,283,26,28
0.4732714556807158,3430.5879340595834,0.831613830100651,284,26,29
0.4767952349863588,3391.521034469941,0.8354576024947582,284,26,29
0.4707677202760218,3395.182386860635,0.8335602669497163,284,26,29
0.4754743241131078,3399.691364007972,0.8338076195301645,284,26,29
0.4725536877742984,3355.214817272646,0.8369172380746323,284,26,29
0.4730400733786041,3420.319890873032,0.8321090776525849,285,26,30
0.47638934613840295,3372.261732028572,0.8355842116443513,285,26,30
0.47599909241611194,3435.660409868971,0.8322559723254216,285,26,30
0.4683974642488967,3357.110691577828,0.8386340836961084,285,26,30
0.4799205195395236,3371.7574868843053,0.8342038274386623,285,26,30
0.48177862228967067,3375.9241855256255,0.8349215413019102,286,27,18
0.4850748261248882,3419.290136749167,0.8313654935666859,286,27,18
0.4814773209100864,3437.172853574364,0.8303744129087292,286,27,18
0.4842051373402988,3460.0437099982864,0.828758644877751,286,27,18
0.4770271776168926,3362.9315028185047,0.8377345920272035,286,27,18
0.47130683370107523,3450.031888583711,0.8298823345241211,287,27,19
0.4860273566950318,3408.660706707048,0.8335576601786621,287,27,19
0.47911368267766946,3393.016738151981,0.8349478377050247,287,27,19
0.4820235285733303,3379.366290438268,0.8341702689575922,287,27,19
0.4776811285688951,3371.9783622991595,0.835778696096235,287,27,19
0.4739053720870875,3385.906344116872,0.8347862880033377,288,27,20
0.47840502072286345,3450.7547836828608,0.8300306851156284,288,27,20
0.48139152257091566,3429.681887763474,0.8313687089254066,288,27,20
0.4759680356677909,3427.159745499568,0.8311016218238948,288,27,20
0.4730762335370045,3313.664355508906,0.8406012367318136,288,27,20
0.48283822101690377,3390.2766991002395,0.8341448843076613,289,27,21
0.47333925050055814,3382.878133384166,0.8353238102377186,289,27,21
0.4778498145101888,3450.095354197173,0.8308208105635118,289,27,21
0.4774857115152656,3389.07938386324,0.8352071479963793,289,27,21
0.4766422204467894,3428.97881418717,0.8290468213809057,289,27,21
0.479958952730294,3411.3506587394218,0.8308925415016912,290,27,22
0.4749451817888929,3375.1866762046607,0.8359327431296145,290,27,22
0.4752282258812809,3462.113613849462,0.8302473097094064,290,27,22
0.47265788547883136,3450.50063649687,0.8308389639020948,290,27,22
0.4809696827190955,3339.345737158946,0.8369384013836568,290,27,22
0.4790401580871734,3374.440135564153,0.8348952515942497,291,27,23
0.4793945759939189,3346.2762382253427,0.837556061379436,291,27,23
0.46979517734356063,3437.6669060863087,0.8324567316805277,291,27,23
0.47140071837169506,3454.5305063990704,0.8316484851970514,291,27,23
0.478022238702675,3397.614988003405,0.831001601434347,291,27,23
0.47160021498528404,3332.692183067538,0.8375222527722569,292,27,24
0.4825408636606973,3426.602052372285,0.8318347458914671,292,27,24
0.4794911011557278,3456.010992255508,0.8287384811836862,292,27,24
0.48252251054397993,3427.2287756443952,0.8328589289479528,292,27,24
0.48010694804050374,3414.9768799273475,0.8320271149216562,292,27,24
0.47861723206718754,3311.4164945694333,0.8409461499636056,293,27,25
0.4731787952192573,3448.370441956906,0.8298597598588704,293,27,25
0.4788543605348532,3411.931129905347,0.8325270220434017,293,27,25
0.4745492402102512,3411.693792308699,0.8337445256446445,293,27,25
0.4792208803556264,3419.1496796427255,0.8312437693103876,293,27,25
0.4729540871396575,3319.6955798603803,0.839869607031022,294,27,26
0.48123718245914004,3440.1472670754156,0.8307271140634966,294,27,26
0.47110240015308574,3411.265652967752,0.8324369440570736,294,27,26
0.47532154667201926,3425.9217115399647,0.8318073457954089,294,27,26
0.47508391499440766,3386.9211428431317,0.8353391374594819,294,27,26
0.4725415255919408,3262.6619188295977,0.84480548945394,295,27,27
0.4810519271536134,3467.591141582362,0.8296268197248156,295,27,27
0.47658236915503155,3425.799252182902,0.8310968128721596,295,27,27
0.47705361786780304,3435.56023322261,0.8301612849114164,295,27,27
0.4768425809190063,3425.0790099025817,0.831166141346572,295,27,27
0.4767257720938891,3456.092944904728,0.8292418690826602,296,27,28
0.477436398177168,3446.0936131725575,0.8306446375335268,296,27,28
0.4724771199834368,3413.5071900413923,0.8327145100961727,296,27,28
0.48116040780469227,3307.7908305957726,0.8403567099182658,296,27,28
0.48188100137034323,3426.8577236191595,0.8307093593533796,296,27,28
0.476778370233341,3366.655027865505,0.8358416147995836,297,27,29
0.4737793141542234,3387.4159884647693,0.8349794042870133,297,27,29
0.47215776009970295,3451.81509480682,0.8304193491360796,297,27,29
0.4718327624824607,3440.3340071967627,0.8311281169689533,297,27,29
0.4694443750687224,3358.7593030618523,0.8357872514871219,297,27,29
0.47635776419914094,3361.767220788964,0.8366754571693038,298,27,30
0.4766697200294334,3425.458823931617,0.8317590207050736,298,27,30
0.4718173066385539,3398.8405742246637,0.83560326543028,298,27,30
0.47107395260337803,3394.047940554916,0.8327869397843704,298,27,30
0.4765666408376638,3441.958431286952,0.82961044209871,298,27,30
0.4805380885918491,3480.852033500217,0.8268434621968127,299,28,18
0.4781373956961761,3455.9139943084792,0.8295050847551919,299,28,18
0.480302023493887,3414.6464653342964,0.8316270849458677,299,28,18
0.48498102646464925,3438.151020909745,0.829974924175773,299,28,18
0.47842444055749284,3315.1421524202665,0.8403344573705449,299,28,18
0.47731744459327,3425.1259441810016,0.831453852215668,300,28,19
0.48463462398122215,3433.7851991079046,0.8315721711493513,300,28,19
0.47940924285917685,3406.8612418919547,0.835003867173132,300,28,19
0.4836078586183239,3436.35965155293,0.8296462382498659,300,28,19
0.4808454490426875,3395.753388250996,0.8313051605120039,300,28,19
0.4774603900546047,3359.3556919750545,0.8369397122822361,301,28,20
0.4796944404259603,3454.7671208417323,0.8303414605616131,301,28,20
0.48721203381960176,3483.037538096045,0.8254463808703727,301,28,20
0.4807815273107064,3446.9412887640096,0.8308182165782836,301,28,20
0.48096669749384025,3353.9423154540555,0.8353972807683223,301,28,20
0.482192803431121,3388.4895846928134,0.8328785818850533,302,28,21
0.47515250003984905,3396.651213758153,0.8340647921652757,302,28,21
0.4808433235315389,3382.7318748916955,0.8348910546640631,302,28,21
0.4784482302256576,3460.102738411223,0.8287747210676344,302,28,21
0.4767505137396205,3470.2341708783,0.8283840932287524,302,28,21
0.4761023953754883,3406.4497537042785,0.834009790592684,303,28,22
0.47474263989920384,3323.269601961954,0.8386680353861333,303,28,22
0.47564461618601667,3435.9496442526047,0.8314723650749158,303,28,22
0.4771314672467133,3430.319200957153,0.8316704204820775,303,28,22
0.479134907826463,3453.039623794285,0.8279685797809858,303,28,22
0.47757054107789015,3430.3631756053855,0.8307309323559388,304,28,23
0.4810790951219277,3463.792580667781,0.8292377339455614,304,28,23
0.4783859263896931,3412.0601929012078,0.8323463659347842,304,28,23
0.47965675643096645,3362.174271985939,0.8372827523650905,304,28,23
0.47563414159307915,3393.833579815563,0.832916808442409,304,28,23
0.4804251327203535,3473.8539794538274,0.8289184469528248,305,28,24
0.4764381192870501,3400.026948804769,0.8334584807914948,305,28,24
0.47505908572403294,3410.11790732254,0.8332425930672959,305,28,24
0.4811599743851506,3430.040282037327,0.8306076396271759,305,28,24
0.47290485603999927,3341.698890528615,0.836950026792328,305,28,24
0.4786491623471662,3388.474156731719,0.8341926041150706,306,28,25
0.4744881702382925,3389.5827222017474,0.8333969265744819,306,28,25
0.4761730842215253,3442.2332025197393,0.8303729074008762,306,28,25
0.4756455756044764,3440.934776558287,0.830940241455658,306,28,25
0.47913265166235647,3420.934194213336,0.8316918666321346,306,28,25
0.4823130992566688,3430.862012797934,0.8306214733710126,307,28,26
0.47429610860815336,3420.4835581276525,0.832846249173655,307,28,26
0.4799649629568214,3429.3279963697873,0.8305750476541057,307,28,26
0.47498577480061177,3396.822391687097,0.8349622375110318,307,28,26
0.4785757186248906,3405.6739355745617,0.8314471839420692,307,28,26
0.47187985954020173,3463.558218579665,0.8289165691819721,308,28,27
0.4786393208584294,3329.421501765681,0.838913050369255,308,28,27
0.4801486624254045,3471.57400967706,0.8282779957496562,308,28,27
0.4742720257309326,3432.904436956124,0.8322473260021983,308,28,27
0.4752258247184583,3366.0581834371574,0.8340185435842973,308,28,27
0.4720440366061366,3323.3596008266763,0.8393566742762937,309,28,28
0.47765888428331293,3458.5143584946577,0.8288650722133408,309,28,28
0.48095588894654934,3415.2342963337487,0.8324420997953859,309,28,28
0.4771560719341718,3459.9416980901756,0.8280262386913505,309,28,28
0.47662849119042466,3397.0118828266336,0.8345859998392765,309,28,28
0.47377395542325806,3309.525754808408,0.8407042161277511,310,28,29
0.47825037397091724,3468.135869145183,0.8281725412608826,310,28,29
0.4776468985695332,3388.417025548384,0.8340392532971664,310,28,29
0.4782228703887503,3469.0575802014664,0.8298618992982016,310,28,29
0.4800408992718641,3422.5893494513502,0.8301137263278853,310,28,29
0.4761273623320379,3486.293604758571,0.8286572839540911,311,28,30
0.4805563744771462,3374.1339908816713,0.8347353814170153,311,28,30
0.4806909923928791,3421.3051010924996,0.8318375142000838,311,28,30
0.47030711173742734,3339.5616497554165,0.8386849932942131,311,28,30
0.48243525071503135,3430.9719894075342,0.8295464035843892,311,28,30
0.47935551007874166,3432.1008449835954,0.8307531147723815,312,29,18
0.47705623095878424,3480.549003147518,0.8290793919566166,312,29,18
0.4811376191555098,3349.4836697763685,0.8364079935576574,312,29,18
0.4831874830730682,3346.2531669619198,0.8380411360600958,312,29,18
0.47875612182983207,3493.435083306628,0.8242430103581776,312,29,18
0.47836462317012224,3455.4672613745843,0.8289959344186663,313,29,19
0.47994236552529745,3422.7393747152064,0.8312031653941077,313,29,19
0.4744992121916084,3376.36262086057,0.8356751323668254,313,29,19
0.4829983943658873,3463.5903685516146,0.8273683936131524,313,29,19
0.47839604511849304,3394.2328675283397,0.8343215941057601,313,29,19
0.48313139267861344,3399.0736940877177,0.832731311210431,314,29,20
0.4840072932429615,3389.783745203219,0.8342294064056375,314,29,20
0.48125466607402567,3467.0027467433565,0.8295823584555214,314,29,20
0.48693374896117064,3462.2152715335774,0.8281699743224243,314,29,20
0.479549218359529,3425.868428217767,0.8297735900418709,314,29,20
0.48042411114652955,3459.039086741731,0.8292208440434692,315,29,21
0.48832285078049475,3476.3350519080773,0.8265555629417743,315,29,21
0.4775229485434182,3288.91674844965,0.8411152209824208,315,29,21
0.47486778222145404,3404.7988803516155,0.8325042341171189,315,29,21
0.4783136917944907,3472.884832343584,0.8291683587983631,315,29,21
0.48105291536158645,3390.260746259638,0.8339518772882313,316,29,22
0.47942894084107407,3389.8108286342317,0.8327211678828632,316,29,22
0.4842195411741876,3461.6996491164114,0.8288313699572893,316,29,22
0.48477714264060834,3492.441956915305,0.8260434957468789,316,29,22
0.4772038929554181,3400.90355879428,0.833801294022428,316,29,22
0.47006245680653586,3362.4691833629504,0.8361315948651911,317,29,23
0.48316385359954434,3445.538421468529,0.8284898768247502,317,29,23
0.47946496294563185,3464.2796348464894,0.8303481108451872,317,29,23
0.4830430083075269,3399.03008702101,0.8330162713576956,317,29,23
0.4711940524319124,3429.1681001395855,0.8307675984424018,317,29,23
0.47798714242235946,3379.127166291988,0.8350490253643582,318,29,24
0.4729689662351508,3459.0405628005856,0.8291971345215217,318,29,24
0.47841073991368743,3377.407957967612,0.8356267612284032,318,29,24
0.4820407356985782,3483.309105771923,0.8263172435797087,318,29,24
0.4820959139666092,3409.128071082384,0.8318056219149541,318,29,24
0.48439518628153894,3393.30025606993,0.8329106035418803,319,29,25
0.4789155822402866,3388.131314310264,0.8347791662051942,319,29,25
0.48829092245157735,3507.134998429384,0.8244297070306068,319,29,25
0.47371413147330277,3440.4742073513803,0.8310027027803601,319,29,25
0.48033015083513536,3398.1468863899786,0.8329852305920054,319,29,25
0.4805097664367719,3396.744100982333,0.8334757741954402,320,29,26
0.4795823282987659,3424.306370752489,0.8323391089701431,320,29,26
0.4758353461655934,3473.1247777941194,0.8281259531271394,320,29,26
0.48044777642181125,3381.7736009406563,0.8331798257561122,320,29,26
0.47758867612656064,3452.9542905297403,0.8288597875216417,320,29,26
0.4830005357940135,3407.2619358698876,0.8328709077708627,321,29,27
0.47435282883429364,3371.991451646412,0.833594437889975,321,29,27
0.48434976007694464,3480.071224892916,0.8260474321361159,321,29,27
0.47684790883777617,3447.702132871991,0.8301207805473518,321,29,27
0.47417410913461466,3415.6276327535375,0.833913739648508,321,29,27
0.477949592996414,3403.6323225471224,0.833769447699606,322,29,28
0.4730909921174533,3380.3388504402765,0.8364852363016952,322,29,28
0.47967269115590483,3462.629836468339,0.8290100105803235,322,29,28
0.47973381973387963,3477.4456796579775,0.8270859436408712,322,29,28
0.4731849325581723,3359.154796410697,0.8340652214038334,322,29,28
0.47388180290809523,3442.4772895032543,0.8298577776403272,323,29,29
0.4760180191777579,3386.4516498595317,0.8334251313278258,323,29,29
0.47942790875546476,3462.9363242698405,0.8282489151678043,323,29,29
0.4834583809779938,3493.080007239217,0.8274140829975842,323,29,29
0.47849150330945206,3325.4309304625613,0.8388224961820702,323,29,29
0.4800844200659864,3457.886051135575,0.8284084487766349,324,29,30
0.4776723455787795,3464.7277025275403,0.8288190185565523,324,29,30
0.46832283306835215,3369.790111808995,0.8350371015571094,324,29,30
0.4829370266188435,3501.7882633562913,0.825571497348896,324,29,30
0.4697596930588822,3296.430503183938,0.8417855096484883,324,29,30
0.4763401601638958,3439.7259460055675,0.8299296317412389,325,30,18
0.4773495207817045,3423.104973521207,0.8312753775164945,325,30,18
0.48115832029524785,3431.3579626603487,0.8306145692776608,325,30,18
0.48653827372801656,3445.9770571795534,0.8304822412405537,325,30,18
0.4844009404340799,3421.530816958888,0.8304566932146084,325,30,18
0.4763431439623761,3407.440363768657,0.8324816855427802,326,30,19
0.48310617114677873,3475.3480340637248,0.8278542755618362,326,30,19
0.4785190114840163,3419.3812092079806,0.832188588168639,326,30,19
0.4805184460520021,3385.1977950428313,0.835319129316325,326,30,19
0.4798037945385853,3456.4813019766175,0.8265899314894736,326,30,19
0.47633436604533114,3330.4482911213636,0.8368560362822721,327,30,20
0.47699030070042076,3461.1147038875133,0.8277259671868346,327,30,20
0.47831381024882713,3468.3332863034284,0.8290180846578394,327,30,20
0.47154512413880006,3472.703505927847,0.8288943027039334,327,30,20
0.47896956119539424,3413.5785218928168,0.8317774998408676,327,30,20
0.48211635366592026,3502.41637898268,0.8255175302558025,328,30,21
0.47664058047654667,3408.130818509715,0.8337706805622456,328,30,21
0.47773350420056954,3383.1367686176245,0.8343513395691549,328,30,21
0.48101037654338447,3444.0775676579015,0.8296764758384948,328,30,21
0.4863935951680029,3437.817568447906,0.8279960962489848,328,30,21
0.47744963712127936,3449.096756148407,0.829761769850329,329,30,22
0.49311354622113374,3394.573220419151,0.8311528552777059,329,30,22
0.47552998792124435,3441.7816967567314,0.8315707187233171,329,30,22
0.48146395406878273,3511.4008914601895,0.8252955964653816,329,30,22
0.4789802926318169,3388.711899342773,0.8325879764981325,329,30,22
0.48013145322693207,3473.1466427507166,0.8268746020022306,330,30,23
0.48040163690919546,3355.8627188900396,0.8375086551478431,330,30,23
0.48148776943089905,3454.2486429049986,0.8295863291905254,330,30,23
0.47930405785326147,3489.663055494927,0.8266493640294215,330,30,23
0.4820908289168075,3396.1766313682306,0.8313198954843672,330,30,23
0.4730250193762258,3477.031106458712,0.828090903828899,331,30,24
0.48115338025029974,3395.947038245077,0.8324831740779071,331,30,24
0.4784268726658242,3384.834523611906,0.8348012705646226,331,30,24
0.4751584238438204,3457.881199112492,0.8297685205992842,331,30,24
0.48121105205741305,3440.4192963494293,0.8281155428451753,331,30,24
0.47736341187921594,3432.1127794432246,0.8300138127916961,332,30,25
0.4764240535724723,3399.8767907556194,0.8337894079468344,332,30,25
0.4788677504178673,3510.2053619814965,0.8255285075883313,332,30,25
0.4781677721139957,3371.9080101848326,0.8351925484249035,332,30,25
0.4866154058053526,3429.3126355812888,0.830000550535399,332,30,25
0.4807209826641768,3413.4449805324225,0.8327591905184081,333,30,26
0.4779227617111521,3413.3204983271244,0.8306947345628889,333,30,26
0.4734466193912107,3341.1411238086534,0.837318597479729,333,30,26
0.4804686887239101,3485.097112518189,0.8289745173252085,333,30,26
0.481216298162248,3471.245489445148,0.8266317554312523,333,30,26
0.4806496621799123,3446.7516524892676,0.8291346436587311,334,30,27
0.4780941807039813,3345.9652130727172,0.8371608109000304,334,30,27
0.48393468510220267,3455.41539354175,0.8281790154039413,334,30,27
0.47870018885594845,3451.25330441023,0.8299180513386126,334,30,27
0.4790805710604336,3488.940050498141,0.8256661854781294,334,30,27
0.47888858140891544,3437.422454721925,0.829594677796718,335,30,28
0.47526141255307475,3472.484833586248,0.8293492090404242,335,30,28
0.47064662284910314,3399.2723004692816,0.8338081569374884,335,30,28
0.4807698508239258,3464.1842883497206,0.8293759788817159,335,30,28
0.47448525361549665,3338.9303161853577,0.8354864236515687,335,30,28
0.4792658233147114,3388.6195101510184,0.8338229759248714,336,30,29
0.4804892564439759,3412.9608380334116,0.8315640976062301,336,30,29
0.4780994101814486,3446.259641047845,0.8291064800899586,336,30,29
0.4763377588084267,3427.8762041559266,0.8311510526020129,336,30,29
0.4757852628403721,3472.8571770225963,0.8284053700774809,336,30,29
0.47794783026031284,3478.7780233082412,0.8278576562486168,337,30,30
0.47541202646169634,3412.713593305421,0.8319390168858309,337,30,30
0.47444235446501126,3476.51994102914,0.8269337897661463,337,30,30
0.47776067404814204,3404.260010592644,0.8331332021725093,337,30,30
0.48030376410598,3397.460818837616,0.8320881458127537,337,30,30
